bp_abs_delta,bp_abs_theta,bp_abs_alpha,bp_abs_sigma,bp_abs_beta,bp_rel_delta,bp_rel_theta,bp_rel_alpha,bp_rel_sigma,bp_rel_beta,sef95,spectral_entropy,hjorth_activity,hjorth_mobility,hjorth_complexity,hilbert_env_mean,hilbert_env_std,hilbert_env_peak,wavelet_delta,wavelet_theta,wavelet_alpha,wavelet_sigma,wavelet_beta,total_power,Stage
1.94117505298196,2.23977370563574,4.70499952682971,2.66529507354809,7.52506370534857,0.0932474220837721,0.107591081896874,0.226012113697978,0.128031675617895,0.361478368713836,33.0078125,7.34717336952405,20.8929440474525,1.07222394059268,1.31808188503638,5.75301388535107,2.94591136786793,18.8912293307796,33.2839913301071,27.1080051228044,38.679787326231,29.2951608387744,10.2790610866189,20.8174661519118,W
1.8698187914587,2.26889801648476,4.18974363318517,2.7379217343875,7.53425455872511,0.0948986789562864,0.115153096885377,0.212641533912816,0.138957398901945,0.382385078067168,32.6171875,7.36157185076909,19.5641940337371,1.07699600848983,1.30350084460918,5.55462089180431,2.87479115452942,16.839893168061,28.475311868776,24.9269208345116,37.751489668941,27.0305873866647,9.75059999163782,19.7033173909618,W
1.96676970977253,2.46692982328016,2.58405413377169,2.76438371599624,7.63263798938918,0.103276530322238,0.129540307353164,0.135690591417356,0.145159830990282,0.400795459088591,32.8125,7.41206638180908,18.8704925770208,1.11374210989744,1.28325085035017,5.41085193120334,2.90756456211001,18.1376578394446,37.1943796160294,27.8718693984437,26.8015127151677,27.6219680748333,10.2313045846178,19.0437237156973,N1
3.24172959668296,2.4684423215436,2.63364789894226,3.58319348072301,6.88004534930952,0.159039802557143,0.121102197988287,0.129207211570452,0.175792078488391,0.337536189032546,33.3984375,7.36088203871506,20.4448797886304,1.05949503020857,1.34476334240879,5.67080096640404,2.95315336093563,18.1150594763683,64.2480018010903,31.7725632563151,28.3307885799601,28.9309701567436,9.57019838893189,20.3831339360359,N2
3.48442283501797,3.16341919515844,2.68719545767576,3.26927892332964,7.2123583021233,0.165565694227456,0.150312898284105,0.127684670472164,0.155342924838073,0.342702124813174,32.421875,7.3412828298983,20.9709824738889,1.02902900726733,1.36207169816495,5.75394294838471,2.97037482254514,16.8746294141169,64.8577224496346,34.2382925673126,32.9058926104905,27.6376652361583,9.69550347047733,21.0455605025944,N2
5.94747597412924,1.9803007910709,2.20843051424791,2.54238803548835,7.14712816951783,0.283713296601652,0.0944665717258057,0.105349076522279,0.121279899898142,0.340940476771798,32.03125,7.07613737869601,20.6481060446946,0.997809089728452,1.41711677384319,5.71792032506378,2.93100561807682,17.6661452209516,121.732055375606,28.412052544018,23.3742209794984,25.1322894928982,8.99322919706789,20.9629793364243,N3
5.23533965929087,2.4367799842378,2.77288593602112,2.33012916457569,7.05803617849124,0.244038691363388,0.113587395889121,0.129254546823079,0.108616003743248,0.329001368523958,33.0078125,7.18654549928239,21.1791313635476,1.01676279378721,1.40785058615792,5.77371045340435,3.00190698556972,19.6663673766212,110.77728785662,29.5691107381659,27.7705696583234,24.9736352425856,9.80363970302404,21.4529082664812,N3
15.392068366302,6.4911428468403,5.07745471739091,11.3167848995013,8.72663687523311,0.297290080766922,0.125373168523057,0.098068491322989,0.218578024520752,0.168550614493208,32.421875,6.920097590435,50.7737271591318,0.875786008620617,1.6122447392743,7.2324496015818,7.02574465109205,64.7008601443765,134.057736207728,80.8406524604971,65.8135166292793,53.9206940482302,15.700550991323,51.7745776333838,N2
1.91743989449847,2.60994927534006,2.81114649640727,2.42906523623725,7.38611639477937,0.102633668272387,0.139701207272039,0.150470571622696,0.130019134567537,0.395352272609987,32.8125,7.43526222282778,18.5593090774439,1.11100091822553,1.29290543262355,5.42866211900386,2.76376990626368,18.1758702238929,36.0936331322838,25.2334045293915,29.1045459999048,25.0681338001194,10.6100334297398,18.6823673632091,R
2.03698624504993,2.43437619626233,2.56311376015231,2.59813435215021,7.47914413664738,0.109363995126018,0.130699511157671,0.137611317432266,0.139491542132789,0.401548653013628,33.0078125,7.44318651329571,18.9098897672367,1.10875596981616,1.29121374906584,5.46282487835981,2.82267184015176,16.7517561173772,34.7028963411992,29.9182357964587,26.8276633863702,26.9633892713288,10.5048309436059,18.625748288573,R
11.1935235326244,7.64093201015223,3.16313088255001,4.74228634771334,8.65704032416783,0.281678590024411,0.192279665006203,0.079598371724731,0.119336911922561,0.217849447065427,32.6171875,7.05856381280819,39.8742004958983,0.889167363398521,1.62882883687283,6.62958688196532,5.99210451556443,57.4053857183682,118.588467633602,89.343438909211,44.7607008531764,32.5356699733604,14.3126829771109,39.738638040095,N2
5.11915474817016,1.91597053100834,2.97078867849478,2.51947308829863,7.42364296326633,0.237410725872294,0.0888568478378596,0.137776084387124,0.116845448933243,0.344285834522934,32.8125,7.17037151143042,21.8708268910789,1.02348660352312,1.39775729390276,5.88831292777026,3.00963680665345,18.6011183940909,110.298753434964,30.0512526823435,27.1722346641114,27.1405987216517,10.3305954736686,21.562440910626,N3
5.90221965737773,2.18391164596625,2.31602507113758,2.40283712061332,6.99686570058021,0.268642884052247,0.0994019804658239,0.105415198139904,0.109366497938192,0.318466321188259,32.8125,7.1201008343,21.5185194139671,1.0372051666445,1.40174694288594,5.80190028619874,3.06002694075966,19.8146536445718,126.776866562951,29.1494076638928,23.6078695604619,24.6858300707971,10.5329648615886,21.9705043675374,N3
3.03055724253155,2.80564489059499,3.57576291498968,7.49722294465905,7.74814928611977,0.115248402573638,0.106695259634779,0.13598191057113,0.285110261566488,0.294652684857868,33.203125,7.26725308011952,25.7514683769993,1.06541547333027,1.33064581566594,6.08077865931191,3.80978374398105,31.3096150353439,55.2871730899254,33.6813991269992,36.7544184055038,40.9829428310221,12.1835052601947,26.2958720021752,N2
2.21922232562018,3.12588288902972,2.51873948604736,3.07090505158802,7.45658770632789,0.113953878438709,0.160509595923694,0.12933365436093,0.157686562948436,0.382885067099804,32.421875,7.40610939794939,19.3606128826766,1.07245070896087,1.31464020386264,5.54031565801314,2.83123834500801,18.8739624203524,32.1560700687697,39.4725448864666,27.428586438713,28.0959006760503,9.08410855237661,19.4747415009116,R
1.8430594691618,2.6920339989352,2.92887047695452,3.10995814002492,7.35614278467349,0.0937126285696473,0.136879784109087,0.148922026515113,0.158129651766391,0.374032139504923,33.203125,7.43735057520533,19.6888798499055,1.10673103461211,1.29899897954231,5.56748046534396,2.89319568768958,18.082268326663,32.6262412337069,27.60467696464,31.7943798051418,26.6101536227182,11.2347346842465,19.667140889043,R
3.3026975699581,2.43861443634937,3.09257742677009,5.52854433553962,7.05369593022417,0.142225991612111,0.105015475690013,0.133177465342425,0.238078929008209,0.303757421609503,33.203125,7.3233790983187,23.8625602250706,1.06166148115575,1.3476825483588,5.87429767647212,3.63420719955623,33.1353191347471,55.2201618633451,35.4572325025812,37.7391988469759,32.174301097177,12.0309164028071,23.2214768378305,N2
3.11770141367602,2.33641591287879,3.86162340307692,9.62496834704677,7.41857868478862,0.113221833343947,0.0848488222604359,0.140237958472342,0.349538463609695,0.269411649176413,32.8125,7.04079052047828,26.6112267284722,1.03574038140093,1.33305457464263,6.14347760257433,3.93293019835994,34.16669833553,60.8076335743664,26.4607662820079,49.2236235993635,40.3578794569317,11.3468580463469,27.5362209001248,N2
6.4341193248121,2.47416446201279,2.59516951905925,2.72001741758476,6.97308960456865,0.28224219566538,0.108532897035779,0.113840963495737,0.119317601901892,0.305884927090992,32.6171875,7.04526802120738,22.7434268014663,0.993602791579251,1.44003809806057,5.99563771103002,3.08663019683495,18.1041912131285,142.794216760295,28.6532731455022,30.8737865218612,24.6173661697294,10.1204442168597,22.7964472485902,N3
3.00757328852084,1.89153144567876,2.97980177173522,5.62198525848179,7.29351281620243,0.132797371330687,0.0835192960165611,0.131571138726124,0.248234969646719,0.322040142281856,33.59375,7.36241401566767,21.8389911446696,1.07425262283098,1.32672475243684,5.75785079668818,3.24279308696315,26.413742793649,54.3122969217173,23.7111591418657,36.2304139792646,30.7653273765847,10.8606687552224,22.6478375165386,N2
2.24306791554699,2.46639678331546,2.64419454066243,2.68196471867981,7.99486370054579,0.111568071393996,0.12267623753147,0.131519729406098,0.133398382249554,0.397656940276036,33.0078125,7.42750437981653,19.886459927636,1.11917300354687,1.28484468701449,5.57669111746234,2.94332316321461,18.1061018399849,32.1228712865583,31.5482310803061,26.9005790334183,26.5552017834748,12.1590951097314,20.1049268623254,R
1.9158949411087,2.11000183487546,2.88342267935182,2.80885322107736,7.77835916950941,0.101297914162028,0.111560806474727,0.152453402740758,0.148510738442567,0.411260316298149,33.203125,7.40401877633116,19.0064145058394,1.11481900883556,1.27564606089926,5.47403691746491,2.83510940947325,18.1332496580126,33.0385906343827,28.3475260988025,27.7819326808955,27.811210229365,10.273320432875,18.913468820732,R
2.29775046260008,2.77755788261435,2.59946494677399,2.30669126185496,7.17309285255302,0.119758203073749,0.144765650739471,0.135483489632979,0.120224195386768,0.373859879253744,33.203125,7.44132416131133,18.983227085613,1.09683232012924,1.31201065776745,5.45787039920544,2.85800252847432,18.5987530079124,36.0306620036487,31.3337555658229,30.5972685220925,24.9952116433702,10.1794802891615,19.1865809909079,R
3.61790213472452,2.45441665935525,2.98732796155887,7.24695185853289,7.52578899507129,0.141633269917813,0.0960852572181886,0.11694761542927,0.283702944535049,0.294618832790678,33.7890625,7.24727019003793,25.1981321063407,1.0502067352764,1.3528415803453,5.97789903820833,3.82768942536728,32.5464412192818,63.8824066268774,33.3493480395295,34.7725378519736,38.1562807806178,11.5225209559817,25.5441545395648,N2
2.96551945827004,2.52105745118434,2.37326021595865,2.81771421220708,7.13528061749069,0.150886068729739,0.128271776059404,0.120751830867293,0.143365715945042,0.363044133348808,33.203125,7.32647473776155,19.7164885195531,1.07285697203279,1.32975469895512,5.57760089064598,2.88323953199044,21.0799622651401,58.2521920126999,28.5505675284446,28.8665145383558,26.5960550625745,9.81643253744746,19.6540309071328,N2
2.28429883559792,2.94711321013573,2.87219067754945,2.86959763996711,7.27249814947035,0.114968455621471,0.148327814658389,0.144556973589585,0.144426466354032,0.366023861556521,32.8125,7.41429835553347,19.7833328608025,1.07613078650412,1.3213960300526,5.54995620393657,2.95879343363655,19.908144542997,40.4013448593699,34.0369374948524,30.5342442123701,26.9597241356696,9.98519330518277,19.868918158898,N1
1.61711516570019,2.31537050341825,4.03018424434261,2.58733972563246,7.1701177049396,0.0840215589136171,0.120301289163641,0.209399039784618,0.134432180093148,0.372542710588148,32.6171875,7.36638450324995,19.1590679961347,1.08736053616586,1.29891828802001,5.49262592885541,2.8529262575122,16.7981645032868,24.82661321457,28.7593122924001,34.1083850768897,27.0611988713338,9.89419173715561,19.2464313517767,W
1.87886515124073,2.19182172383401,4.15423159880913,2.53836207192054,7.79606067575765,0.092645340969857,0.108076979774545,0.204841844389563,0.125164607743529,0.384417529406144,33.203125,7.375741921835,20.1274290233281,1.09230897694414,1.29724618439478,5.57459555469038,3.02795183845717,18.6994166452718,23.5594205116611,25.8629322974683,35.8323395590095,28.8397261267272,10.1411755823025,20.2801903643707,W
12.1795647008601,6.80339773879491,3.58581486196702,4.30789221073319,8.98575730719731,0.297476877223174,0.166167967702572,0.0875808810608038,0.105217087288222,0.219470489207352,32.421875,7.09386221320435,39.2164731948293,0.877249114573133,1.64598351244135,6.60639902057344,5.90775111743878,64.0389311277262,238.069181858727,94.425755295812,47.878278181034,30.4885361736414,13.5070098914834,40.9428955102374,N2
3.20321428573179,2.46231194233392,3.16024809174131,9.48439550054679,7.54202149070472,0.113262294405178,0.0870647653428209,0.111743054891638,0.33535826816927,0.266677962287879,36.9140625,7.16237579404586,28.1379112338789,1.07284292750721,1.34136461335955,6.15648792251652,4.28506376894317,36.5482928819464,57.8989732175768,34.0368959349871,49.9380192721902,41.8372715531205,13.1099502908727,28.2813826309468,N2
2.11363287801494,2.28670723971886,2.7454804940252,2.59016585572482,7.50998812431759,0.113464459704651,0.122755471944158,0.147383428846353,0.139045797603823,0.40315267319002,32.8125,7.43060521742218,18.5526354007893,1.0964571899655,1.29677048280784,5.35420619047164,2.90315707358273,17.3991421437496,30.8765353569985,25.6027845450516,29.2766328729141,25.9670318558229,9.80101879516794,18.6281491448225,R
2.18334016907856,2.19520568275676,2.54039661174105,2.28314934119128,7.51675747031799,0.115897258061324,0.116527109753822,0.134850723610936,0.12119538317305,0.39900863487044,33.203125,7.4326742674487,18.7830357881591,1.12394493984594,1.2849059862062,5.43858084596912,2.82457730871696,17.2071958964733,36.9741823178024,23.8178964155518,25.4874643494974,25.0566957474905,11.4363134490738,18.8385834626329,R
12.4371968607922,8.4677533415656,4.46159310787017,14.9712105393017,8.6769702047674,0.237309128317618,0.161569780295939,0.0851298554800817,0.285659619503277,0.165561762733097,31.25,6.81633862949255,49.8822468892634,0.862989933053941,1.56814760051606,7.16369854946576,6.96552059248638,66.4987277110007,148.045430749743,80.4187554829449,90.4019639840725,57.828394411084,13.2845294002938,52.4092644432372,N2
2.36753607074115,2.83966406980234,3.1070776524267,2.76588576372295,7.17421767831267,0.120081598586965,0.144027964416645,0.15759120042485,0.140285923463378,0.363876832994971,33.0078125,7.40927591914689,19.4617138561352,1.08009540687369,1.32343220442375,5.50617607771527,2.93178155936887,18.4087221578649,43.5904618122769,33.6693642097766,31.7271295716112,24.4867043224886,10.3059930957207,19.716060567153,N1
1.79466164475533,2.0855153523199,4.13012364649972,2.80429927256199,6.74243467952388,0.0950119866526799,0.110410203169852,0.21865472743674,0.148463664910554,0.35695425689271,32.6171875,7.33586362127433,18.9755641258237,1.07656623576495,1.31150261358363,5.44491442126452,2.87996611620921,19.7277736284898,26.7407554007157,27.7344634415339,34.5452403041592,25.4066443205431,9.83257685050308,18.8887919091282,W
1.71822278850469,1.66344239486154,3.82431219153551,2.61738698858287,7.53219674613285,0.0898262545103427,0.0869624130955463,0.199929626438508,0.136833285742364,0.393772580870561,33.0078125,7.38859131301273,19.5266138975007,1.11580448714225,1.28032246760573,5.55053139578019,2.8695977901362,18.3894018107598,29.4871992826895,22.6862824629332,33.922359595744,28.1969337136798,10.6756318754506,19.1282915876989,W
10.6178694728828,8.42480909065711,3.62851914551812,3.92905587763961,9.3668475371583,0.26536316098666,0.210553913543159,0.0906844176804404,0.0981954703856971,0.234097459691749,32.8125,7.15690977353187,40.4277400060131,0.893308278355377,1.61665936350851,6.7485934064637,5.94879870658734,65.9589648871963,107.323980441449,90.3378065621677,56.581284213126,35.079203903611,13.5797477948046,40.0125979559635,N2
10.0747936379048,8.62695245986784,2.76537903123048,3.32398808420893,7.7063285537691,0.277528066617704,0.237644712441761,0.0761772720698766,0.0915651495828195,0.212284493471087,32.421875,7.09478147973325,35.1041053658904,0.882589912816101,1.63594028649136,6.42930977551454,5.37641934369268,65.122203588132,145.292155177975,78.896138906339,56.7407663395383,28.2817837667699,12.4508655041442,36.3018910508351,N3
12.4081737163374,7.56874370707843,3.99590226860434,4.16609394234865,7.46152689829847,0.31345892432545,0.191203823798183,0.100945655296327,0.105245087283711,0.18849528132303,32.03125,6.98087706702974,38.052462112165,0.842048524050302,1.69288778611572,6.49513774958468,5.83171256853671,58.7295802359365,194.959807633072,85.6350986216568,43.0669722430878,30.6493445847299,11.7817150200856,39.5846879875546,N2
2.0035401564369,2.28764431392297,2.92282325276602,2.52352344952744,7.57293150878324,0.105995177928976,0.121025408606585,0.15462888015324,0.133504345386466,0.400637950848435,33.0078125,7.44335675072514,18.8805589889043,1.119372239362,1.28300828119735,5.43837803339904,2.85925159874561,19.8373401349947,30.3876619607988,31.0806345563683,26.3193778713638,26.3931794174315,10.8304113261031,18.9021821141656,R
1.93362022930505,2.65154599933072,2.28989639743393,2.59978360893785,7.02473405976138,0.107927727852503,0.147999762656089,0.127813782379335,0.145110572163225,0.392095394094332,32.6171875,7.41603248237445,17.9015641611825,1.09663495772659,1.29828297487978,5.27670496682805,2.81963730671291,17.7542919256745,29.2395808830172,26.6145279815587,26.7394312372213,26.0780758381396,9.3819023856548,17.9158800780795,R
3.40247389454018,2.63748764184453,2.43205993930432,3.06086596292976,7.34018058536392,0.166592597218836,0.129137189588002,0.119078997940511,0.149866722363821,0.359391368067002,33.0078125,7.3479706335852,20.3686939502161,1.06624629004731,1.34375562871734,5.69310445472161,2.88361627804632,16.8726689052446,67.3442149615692,29.5579175012752,28.9604389195532,27.0999511538959,10.3815195092948,20.4239200981463,N2
1.77368669929514,2.60533555993891,2.84080168410261,2.81346445939711,7.62740879053409,0.0917707373567891,0.134800337338309,0.146983379498819,0.14556894860214,0.394642937282632,32.8125,7.43583904933577,19.2386233261215,1.10170288416313,1.2896260816025,5.49468730258853,2.87673405785815,19.0030179129426,27.3298556736263,27.6904769858887,30.1890702489844,28.1491285515384,10.3689587397274,19.3273667661549,N1
1.59976098187458,1.96828088178665,4.52024473068392,2.73323423871832,6.92167332688497,0.0827989339806474,0.101872442591677,0.233954602764283,0.141464183618291,0.358245499997628,33.0078125,7.33730644067967,19.1891620922111,1.08843788611022,1.30167025862607,5.49099163149246,2.86671459466536,15.6864940800497,22.0467087338327,23.6095051066098,36.6407260796111,26.9939913455309,9.76095832692208,19.3210335564042,W
