onset_s,offset_s,duration_s,peak_amp,freq_hz
15.57,17.45,1.89,59.6924650285807,NaN
66.43,68.07,1.65,49.9519101791534,NaN
96.67,97.63,0.97,39.5989528512967,NaN
102.89,104.75,1.87,66.9167183238175,NaN
117.21,118.11,0.91,22.3954363964448,NaN
130.79,132.67,1.89,59.1851624128254,NaN
142.91,143.97,1.07,43.4061802438962,NaN
144.57,146.19,1.63,71.9933073098531,NaN
223.85,225.09,1.25,61.5013994924326,NaN
256.78,258.61,1.84,65.4931662871203,NaN
335.55,337.38,1.84,61.4305211659548,NaN
350.08,351.93,1.86,55.5001783140396,NaN
505.75,507.63,1.89,60.2837829595249,NaN
554.27,556.13,1.87,59.9060866665443,NaN
733.46,735.33,1.88,60.914673125972,NaN
767.44,769.29,1.86,54.8914713898857,NaN
783.73,785.5,1.78,49.9500152907783,NaN
787.51,789.33,1.83,67.9306287769617,NaN
801.86,803.46,1.61,65.0974525823126,NaN
805.17,806.53,1.37,60.0712713453183,NaN
841.07,842.94,1.88,59.8442488654126,NaN
848.42,850.24,1.83,58.7393486010228,NaN
868.84,870.69,1.86,64.365773115129,NaN
913.72,914.56,0.85,14.6503699193342,NaN
919.24,921.06,1.83,53.5842454578066,NaN
965.74,967.58,1.85,50.4222734881625,NaN
994.64,996.45,1.82,54.9314106524108,NaN
1075.85,1077.68,1.84,66.6930877755944,NaN
1144.37,1145.83,1.47,55.5804517279002,NaN
1219.03,1220.84,1.82,54.671049682064,NaN
1258.87,1260.7,1.84,52.9474432401029,NaN
1286.61,1288.06,1.46,69.8303099775923,NaN
1305.66,1306.73,1.08,55.2816363812392,NaN
1350.19,1351.09,0.91,14.0305545268426,NaN
1376.6,1378.44,1.85,56.3947349281758,NaN
1380.79,1382.09,1.31,64.1488755225019,NaN
1396.87,1398.7,1.84,58.7366049301285,NaN
1399.71,1401.53,1.83,55.3214585286883,NaN
1403.53,1405.38,1.86,62.3787185942744,NaN
1407.82,1409.65,1.84,60.1083860182022,NaN
1411.78,1413.59,1.82,56.2275558648483,NaN
1420.64,1422.46,1.83,57.2489846942075,NaN
1482.35,1484.22,1.88,62.066837404744,NaN
1538.41,1539.9,1.5,50.3938784914801,NaN
1543.23,1545,1.78,50.5865383611117,NaN
1625.64,1627.49,1.86,69.8795024419204,NaN
1728.39,1729.79,1.41,63.3724405945345,NaN
1803.58,1805.4,1.83,54.9262566829615,NaN
1986.5,1988.38,1.89,67.4051438738584,NaN
2011.81,2013.58,1.78,48.1723859659692,NaN
2073.88,2074.72,0.85,43.9073057101796,NaN
2099.88,2101.74,1.87,57.8615210312954,NaN
2129.84,2131.48,1.65,67.4101389476747,NaN
2134.23,2136.06,1.84,57.2262090373708,NaN
2144.83,2146.71,1.89,62.2211362711524,NaN
2202.33,2203.83,1.51,46.1387990839371,NaN
2221.36,2223.15,1.8,64.6736408004409,NaN
2250.78,2252.63,1.86,64.3065984458049,NaN
2256.05,2257.88,1.84,56.9915471932818,NaN
2282.51,2284.37,1.87,54.472475777256,NaN
2302.28,2304.03,1.76,60.9101095037159,NaN
2304.61,2306.42,1.82,56.0441719149916,NaN
2309.37,2310.03,0.67,18.2860292221621,NaN
2321.81,2323.67,1.87,50.7618775806965,NaN
2355.65,2357.3,1.66,57.2390472084204,NaN
2361.55,2363.43,1.89,58.235820900122,NaN
2382.57,2384.27,1.71,69.1283585853219,NaN
2388.16,2389.98,1.83,64.1024550565603,NaN
2470.37,2472.16,1.8,61.7957946104312,NaN
2474.71,2476.57,1.87,67.8410953991071,NaN
2488.36,2490.24,1.89,60.7435596796623,NaN
2496.05,2497.87,1.83,61.5714425552794,NaN
2503.68,2505.55,1.88,54.9859420839644,NaN
2523.12,2524.98,1.87,64.1178688099752,NaN
2534.24,2536.09,1.86,64.6190575046865,NaN
2561.73,2563.33,1.61,70.6927447933319,NaN
2564.92,2566.44,1.53,57.7952489792007,NaN
2725.54,2727.47,1.94,66.6528419123137,NaN
2748.45,2750.33,1.89,46.7381467857085,NaN
2794.87,2796.7,1.84,58.7785068846402,NaN
2860.61,2862.19,1.59,66.1744862942982,NaN
2864.89,2866.52,1.64,64.0005752799659,NaN
2887.65,2889.48,1.84,67.8688973151491,NaN
2897.56,2898.84,1.29,57.9113749531615,NaN
2912.5,2913.63,1.14,40.0532701692945,NaN
2958.8,2959.66,0.87,36.2495301083005,NaN
2999.6,3001.41,1.82,73.9459572213663,NaN
3018.91,3019.64,0.74,53.0678278005309,NaN
3042.72,3043.7,0.99,27.8608227778072,NaN
3053.58,3055.08,1.51,58.6995241956528,NaN
3056.36,3057.65,1.3,49.9792277642586,NaN
3082.75,3084.6,1.86,65.6393883422666,NaN
3301.82,3303.21,1.4,55.9714877387189,NaN
3372.7,3374.54,1.85,61.5233312496664,NaN
3542.68,3544.46,1.79,62.2848491306414,NaN
3553.41,3555.26,1.86,66.0734515486964,NaN
3616.06,3616.77,0.72,22.6358588693961,NaN
3644.75,3645.4,0.66,53.5504863514284,NaN
3685.44,3686.08,0.65,34.640346937874,NaN
3772.16,3773.76,1.61,57.8074741732405,NaN
3791.23,3793.09,1.87,63.1751502649672,NaN
3887.75,3889.23,1.49,57.9896359144212,NaN
3897.59,3899.39,1.81,63.7430297892528,NaN
3997.04,3997.94,0.91,15.580948954911,NaN
4016.57,4017.52,0.96,36.4306507607614,NaN
4052.49,4054.36,1.88,59.6139023866205,NaN
4087.01,4087.91,0.91,24.3811382203172,NaN
4148.21,4150.08,1.88,57.9087538699786,NaN
4294.77,4296.67,1.91,57.0062318907559,NaN
4318.05,4319.3,1.26,52.0094532461527,NaN
4342.6,4343.71,1.12,56.3633018551755,NaN
4345.7,4347.21,1.52,52.56209726714,NaN
4407.33,4408.94,1.62,58.1207912350863,NaN
4458.54,4460.39,1.86,66.099729589561,NaN
4462.14,4463.94,1.81,56.7988242956743,NaN
4500.28,4501.9,1.63,57.3062605792514,NaN
4588.93,4590.78,1.86,53.0142773394962,NaN
4624.42,4626.05,1.64,56.5628852875634,NaN
4738.49,4739.7,1.22,49.6710522540853,NaN
4789.8,4790.51,0.72,33.1937604739967,NaN
4811.35,4813.11,1.77,64.142579040403,NaN
4838.96,4840.26,1.31,51.3417633702748,NaN
4859.05,4859.81,0.77,30.465432572407,NaN
4871.83,4872.6,0.78,19.535947946059,NaN
4872.87,4873.9,1.04,49.6284085868555,NaN
4954.84,4955.79,0.96,44.1909092623399,NaN
5057.34,5058.7,1.37,50.6481260692688,NaN
5064.17,5065.8,1.64,66.6766909219563,NaN
5135.94,5136.89,0.96,17.5178811626119,NaN
5137.07,5138.94,1.88,66.7433303727843,NaN
5180.72,5182.54,1.83,59.8917323791633,NaN
5275.89,5277.69,1.81,58.399165949961,NaN
5314.98,5316.13,1.16,68.7341174852309,NaN
5329.12,5330.18,1.07,50.3155135132653,NaN
5394.52,5395.09,0.58,31.779213713585,NaN
5399.7,5401.04,1.35,56.5240637590935,NaN
5449.55,5450.8,1.26,51.7093403381675,NaN
5458.01,5458.8,0.8,40.2979982101627,NaN
5476.48,5477.26,0.79,18.0731772065571,NaN
5542.36,5543.12,0.77,13.4821063130617,NaN
5608.21,5608.82,0.62,28.9445605667098,NaN
5624.76,5626.4,1.65,54.0115277843887,NaN
5638.77,5639.45,0.69,41.9686652716875,NaN
5639.69,5640.93,1.25,47.4525647816737,NaN
5669.35,5670.72,1.38,42.3500148818958,NaN
5694.34,5695.96,1.63,54.3645296541038,NaN
5757.41,5758.59,1.19,47.850977738812,NaN
5793.89,5795.22,1.34,49.8795875915295,NaN
5796.4,5798.25,1.86,51.4150673048098,NaN
5852.07,5853.04,0.98,34.7506848853754,NaN
5879.9,5880.69,0.8,35.9791880547724,NaN
5903.94,5904.44,0.51,36.8043396127726,NaN
5970.35,5971.19,0.85,27.825560598289,NaN
6062.91,6064.74,1.84,60.077581417297,NaN
6085.76,6087.55,1.8,59.1216069808623,NaN
6330.59,6332.38,1.8,63.5090604279763,NaN
6339.73,6341.54,1.82,66.5917542511464,NaN
6349.14,6350.92,1.79,62.5323778065338,NaN
6419.72,6421.55,1.84,53.8851419846336,NaN
6437.88,6439.56,1.69,59.4715074173929,NaN
6455.43,6457.28,1.86,56.9809401389191,NaN
6490.58,6491.42,0.85,32.8476850704874,NaN
6509.8,6511.23,1.44,59.1890139727621,NaN
6629.67,6631.5,1.84,58.3626344236592,NaN
6651.98,6652.66,0.69,26.4084806097518,NaN
6765.41,6766.69,1.29,67.7613660846159,NaN
6902.41,6903.18,0.78,24.7945343298944,NaN
6903.73,6904.73,1.01,36.0181706695078,NaN
6909.2,6910.83,1.64,55.1782647631709,NaN
6935.69,6936.58,0.9,23.9080868639538,NaN
6936.79,6937.84,1.06,46.7422045466338,NaN
6945.16,6946.97,1.82,55.2530699733303,NaN
6966.08,6967.09,1.02,53.2686160288652,NaN
7046.07,7047.06,1,41.433467964706,NaN
7047.71,7048.25,0.55,25.9910017110905,NaN
7072.42,7074.01,1.6,67.5481368901722,NaN
7074.05,7074.57,0.53,15.3000616636762,NaN
7161.34,7161.92,0.59,14.1232943996099,NaN
7162.8,7163.41,0.62,14.2826087176526,NaN
7403.83,7404.93,1.11,65.554188073136,NaN
7410,7411.84,1.85,57.7390486835729,NaN
7423.36,7424.32,0.97,26.4333007569312,NaN
7450.14,7451.14,1.01,65.2130644388803,NaN
7480.29,7482.13,1.85,58.7190017478571,NaN
7488.93,7489.85,0.93,45.4332261355059,NaN
7523.76,7524.88,1.13,54.5180050642716,NaN
7529.76,7530.5,0.75,15.2249890415598,NaN
7530.92,7531.83,0.92,25.0491409251967,NaN
7547.48,7549.14,1.67,62.5063058346969,NaN
7578.3,7579.09,0.8,18.5873689401004,NaN
7582.61,7584.42,1.82,56.952698929067,NaN
7588.93,7590.57,1.65,56.9355773350304,NaN
7591.39,7593.22,1.84,51.294086430906,NaN
7596.16,7597.92,1.77,53.3818776775983,NaN
7622.75,7624.63,1.89,54.8499797065372,NaN
7626.71,7628.52,1.82,55.0296387005929,NaN
7629.38,7631.15,1.78,56.2438775485603,NaN
7633,7634.86,1.87,54.2320364979643,NaN
7649.9,7651.69,1.8,49.8494447138236,NaN
7660.24,7662.06,1.83,56.0035377875644,NaN
7672.98,7673.81,0.84,58.9848546906916,NaN
7706.21,7707.24,1.04,69.1917801873235,NaN
7747.13,7747.81,0.69,56.405504986441,NaN
7749.06,7750.83,1.78,51.5122716698811,NaN
7770.78,7772.6,1.83,52.0552134174432,NaN
7809.43,7811.3,1.88,62.2517607134274,NaN
7844.77,7846.57,1.81,57.836047901844,NaN
7847.65,7849.43,1.79,55.8287568671066,NaN
7852.31,7852.89,0.59,16.0118425022557,NaN
7909.47,7911.26,1.8,54.9252059526144,NaN
7913.84,7915.67,1.84,53.1575111317328,NaN
7920.01,7921.79,1.79,57.610698074732,NaN
7922.25,7924.03,1.79,58.482065467663,NaN
7987.45,7989.33,1.89,53.7454804987591,NaN
8040.23,8042.13,1.91,54.4251683967092,NaN
8053.44,8055.22,1.79,59.2711844349425,NaN
8055.83,8057.64,1.82,59.0440247837527,NaN
8096.61,8097.88,1.28,42.8852319661153,NaN
8104.01,8105.82,1.82,61.6220363547416,NaN
8108.23,8110.07,1.85,62.4313317574583,NaN
8117.48,8118.5,1.03,23.7106618750383,NaN
8118.71,8119.59,0.89,58.9095994138985,NaN
8155.68,8157.51,1.84,59.1060328245567,NaN
8186.09,8186.64,0.56,10.4793859831627,NaN
8188.18,8188.71,0.54,31.2711512280691,NaN
8206.37,8208.14,1.78,69.3888417269151,NaN
8208.37,8209.37,1.01,60.2122974781507,NaN
8212.15,8213.16,1.02,62.8065650290802,NaN
8231.44,8232.27,0.84,13.3122078276927,NaN
8233.04,8233.53,0.5,17.5622884689875,NaN
8235.88,8237.48,1.61,67.187199686332,NaN
8239.66,8240.28,0.63,21.1358082237681,NaN
8242.64,8243.21,0.58,19.7155291288625,NaN
8243.71,8244.66,0.96,21.7448894707143,NaN
8245.06,8246.87,1.82,56.0922222702096,NaN
8254.91,8256.8,1.9,57.0632679132776,NaN
8262.35,8264.16,1.82,58.2336051540609,NaN
8272.89,8274.75,1.87,56.9665649710884,NaN
8279.76,8281.61,1.86,61.4622335851139,NaN
8284.61,8286.4,1.8,61.5711110057558,NaN
8311.07,8311.66,0.6,21.8317173498151,NaN
8316.64,8317.36,0.73,18.2936581450111,NaN
8325.47,8326.55,1.09,62.8103230401286,NaN
8354.07,8354.57,0.51,21.5878813831514,NaN
8364.13,8365.98,1.86,51.3741630700893,NaN
8389.67,8390.65,0.99,33.7061910536686,NaN
8407.51,8408.15,0.65,20.2172975618084,NaN
8444.31,8444.91,0.61,12.2258261576134,NaN
8448.24,8448.95,0.72,14.3092004463971,NaN
8473.26,8473.8,0.55,14.4200589655691,NaN
8476.82,8478.11,1.3,62.4484456148195,NaN
8485.81,8487.65,1.85,63.9283670547947,NaN
8492.71,8493.59,0.89,20.7625447804164,NaN
8493.99,8494.79,0.81,25.2962442651148,NaN
8495.15,8496.11,0.97,20.5815553856063,NaN
8496.52,8497.23,0.72,20.5828634351376,NaN
8497.63,8498.59,0.97,18.7028853864881,NaN
8498.82,8500.65,1.84,59.8287075180624,NaN
8527.84,8529.65,1.82,55.655333984914,NaN
8544.24,8546,1.77,56.230239866004,NaN
8584.98,8586.8,1.83,59.5197525186344,NaN
8587.33,8589.18,1.86,53.6296572636712,NaN
8594.83,8596.61,1.79,51.7105323182998,NaN
8597.95,8598.6,0.66,10.399777879858,NaN
8612.84,8613.98,1.15,64.5332956956107,NaN
8625.68,8626.18,0.51,12.4608700581633,NaN
8644.97,8646.25,1.29,58.0208216447903,NaN
8653.42,8654.34,0.93,32.133962228698,NaN
8672.01,8673.88,1.88,58.922364994418,NaN
8681.35,8682.58,1.24,67.8665472070598,NaN
8682.67,8683.41,0.75,14.3572203719938,NaN
8683.95,8684.78,0.84,17.9986297538985,NaN
8684.93,8686.72,1.8,65.3694711019378,NaN
8687.64,8689.51,1.88,50.1948984417918,NaN
8701.36,8703.17,1.82,61.8700053143153,NaN
8751.67,8753.43,1.77,53.0568354100722,NaN
8814.37,8815.31,0.95,25.3687468857972,NaN
8821.83,8822.71,0.89,16.1913421436509,NaN
8831.58,8833.42,1.85,59.2027612441641,NaN
8844.22,8846.04,1.83,51.9294019815186,NaN
8849.95,8851.81,1.87,52.7326143332509,NaN
8894.08,8894.87,0.8,43.8291692698081,NaN
8895.13,8896.16,1.04,53.4417225652972,NaN
8897.17,8898.97,1.81,42.2867807035489,NaN
8922.47,8923.17,0.71,10.118143179348,NaN
8923.71,8924.56,0.86,49.807356076285,NaN
9022.07,9022.97,0.91,14.2666135696955,NaN
9023.44,9024.12,0.69,22.0440210617596,NaN
9040.76,9042.41,1.66,54.4718080817423,NaN
9075.66,9076.26,0.61,8.60149076289629,NaN
9128.84,9130.67,1.84,45.2092766614316,NaN
9169.26,9170.02,0.77,23.8927349880305,NaN
9170.83,9171.35,0.53,38.2034534740619,NaN
9196.87,9198.66,1.8,61.2786578018561,NaN
9233.63,9235.49,1.87,76.0848771466064,NaN
9312.22,9312.76,0.55,10.800714534321,NaN
9340.61,9342.49,1.89,59.1397124634089,NaN
9381,9382.9,1.91,66.6437733898414,NaN
9383.16,9384.3,1.15,57.5142944462844,NaN
9408.44,9409.27,0.84,20.2566375247835,NaN
9414.61,9416.49,1.89,63.6227715308919,NaN
9439.04,9440.36,1.33,60.3149874025138,NaN
9441.49,9443.03,1.55,53.7328271423377,NaN
9482.04,9483.13,1.1,67.3285409976896,NaN
9491.59,9492.62,1.04,56.186876777838,NaN
9505.65,9507.41,1.77,68.0650398189247,NaN
9510.37,9512.22,1.86,65.2082540481317,NaN
9519.57,9520.72,1.16,75.0406266464106,NaN
9525.44,9527.29,1.86,62.033242113387,NaN
9563.68,9564.37,0.7,9.6992716602651,NaN
9570.52,9572.08,1.57,56.7299039683533,NaN
9573.94,9574.84,0.91,19.7161253509036,NaN
9589.55,9591.01,1.47,60.2449797464276,NaN
9660.96,9661.63,0.68,15.5379532743491,NaN
9662.49,9663.03,0.55,20.7760255559573,NaN
9687.94,9689.77,1.84,57.7082598617144,NaN
9708.6,9710.24,1.65,50.7451249260626,NaN
9715.52,9717.26,1.75,47.4833575065368,NaN
9719.02,9720.66,1.65,50.5437047216572,NaN
9745.24,9745.78,0.55,21.920206667186,NaN
9823.26,9825.1,1.85,56.2026544173408,NaN
9828.67,9830.43,1.77,67.970553089113,NaN
9881.69,9883.54,1.86,69.6333090481185,NaN
9891.75,9893.57,1.83,62.537189857194,NaN
9924.79,9926.22,1.44,46.7634905449846,NaN
9928.62,9930.42,1.81,55.4432881262387,NaN
9973.2,9973.87,0.68,22.063740831242,NaN
9976.51,9977.38,0.88,14.6696713077074,NaN
10031.54,10032.2,0.67,12.6406782860203,NaN
10117.65,10119.21,1.57,69.7536885034788,NaN
10155.22,10155.96,0.75,26.8258914298207,NaN
10156.72,10157.29,0.58,14.7910402914013,NaN
10186.52,10188.35,1.84,66.0224207305415,NaN
10195.85,10197.68,1.84,55.0193219434119,NaN
10198.5,10200.38,1.89,56.6914054251719,NaN
10231.8,10233.62,1.83,54.8457903951304,NaN
10237.11,10239.02,1.92,55.2074680304443,NaN
10265.99,10267.83,1.85,55.2280493318972,NaN
10279.72,10281.22,1.51,49.5414183044452,NaN
10315.72,10317.47,1.76,55.3872790040634,NaN
10326.88,10328.7,1.83,62.1175575730499,NaN
10334.94,10336.81,1.88,63.0185636391904,NaN
10343.29,10344.44,1.16,46.5476634710448,NaN
10347.8,10349.59,1.8,58.9706803598448,NaN
10355.68,10357.54,1.87,58.6795587620484,NaN
10407.49,10409.36,1.88,59.4041681029646,NaN
10417.14,10417.8,0.67,23.4653182115638,NaN
10430.34,10432.12,1.79,55.4194395842207,NaN
10445.34,10446.11,0.78,20.853252611038,NaN
10467.3,10468.19,0.9,49.1758974423815,NaN
10482.55,10484.32,1.78,59.9129741130498,NaN
10500.45,10502.28,1.84,54.9533975204645,NaN
10520.92,10522.71,1.8,54.8597372715058,NaN
10567.74,10569.54,1.81,53.2120907881699,NaN
10585.45,10586.72,1.28,68.6973454667329,NaN
10620.29,10621.57,1.29,57.9706505856028,NaN
10633.74,10635.6,1.87,63.974464224026,NaN
10658.62,10660.42,1.81,55.921821205138,NaN
10688.47,10689.44,0.98,56.1290911844084,NaN
10707.47,10709.25,1.79,55.1273789016741,NaN
10712.57,10714.36,1.8,56.9800257686639,NaN
10715.03,10716.54,1.52,42.1789182665587,NaN
10751.56,10753.36,1.81,53.5703492143629,NaN
10755.37,10757.15,1.79,60.5544792348665,NaN
10758.89,10760.69,1.81,56.6444539027391,NaN
10767.91,10769.21,1.31,59.1126955141034,NaN
10790.61,10791.14,0.54,14.3295178556657,NaN
10795.02,10795.59,0.58,21.358851955219,NaN
10798.06,10798.9,0.85,50.0730940580384,NaN
10799.41,10800.1,0.7,15.0259859506554,NaN
10806.66,10808.37,1.72,62.1186636092242,NaN
10812.12,10812.97,0.86,12.1833713915207,NaN
10831.56,10833.37,1.82,63.2948500155502,NaN
10892.91,10894.21,1.31,65.0257033691127,NaN
10915.53,10916.61,1.09,63.9332856292082,NaN
10935.73,10936.35,0.63,37.8732458930619,NaN
10975.14,10976.35,1.22,62.8747457194921,NaN
11026.84,11028.66,1.83,60.1917514846016,NaN
11037.49,11038.11,0.63,12.9966623614236,NaN
11038.55,11039.56,1.02,64.2621191894965,NaN
11039.7,11040.62,0.93,23.2230128240087,NaN
11132.39,11133.09,0.71,13.147573056283,NaN
11205.87,11207.68,1.82,50.0909482965881,NaN
11221,11221.61,0.62,13.5512332400797,NaN
11235.92,11236.97,1.06,55.7835359224362,NaN
11262.34,11263.16,0.83,34.4162623038223,NaN
11273.17,11275.02,1.86,64.4731231309333,NaN
11278.01,11279.83,1.83,60.3643519022823,NaN
11287.9,11288.63,0.74,11.9752394261509,NaN
11300.35,11301.23,0.89,58.5033782050256,NaN
11301.65,11302.41,0.77,19.3822770418838,NaN
11304.9,11306.72,1.83,54.8746288582478,NaN
11322.45,11323.2,0.76,11.8601015080418,NaN
11387.88,11389.63,1.76,60.7308036901611,NaN
11429.47,11431.21,1.75,67.1014414937229,NaN
11488.27,11489.23,0.97,44.7749082344067,NaN
11490.56,11491.97,1.42,59.9636678997996,NaN
11505.85,11507.6,1.76,53.8340755051979,NaN
11580.15,11582,1.86,54.0804748792317,NaN
11613.4,11615.17,1.78,56.0498879863676,NaN
11615.91,11617.69,1.79,52.8576322089314,NaN
11643.28,11644.08,0.81,14.3574348493597,NaN
11681,11681.83,0.84,12.5020471565461,NaN
11683.31,11685.13,1.83,59.6743102361277,NaN
11686.71,11688.21,1.51,67.7187310637179,NaN
11692.13,11693.92,1.8,52.4379706214976,NaN
11700.45,11701.46,1.02,66.9343564377932,NaN
11705.01,11705.71,0.71,14.0062301739343,NaN
11714.02,11714.88,0.87,12.0944286239683,NaN
11719.12,11719.94,0.83,62.2046549071645,NaN
11721.54,11723.37,1.84,62.409534752918,NaN
11745.88,11746.61,0.74,24.7991790919666,NaN
11758.29,11760.11,1.83,52.716045386145,NaN
11795.44,11796.23,0.8,13.0456202897306,NaN
11796.89,11797.46,0.58,22.3367501829558,NaN
11838.56,11840.31,1.76,58.0767167140182,NaN
11857.12,11858.95,1.84,52.6619186901268,NaN
11885.1,11885.74,0.65,11.1423597385464,NaN
11916.87,11918.65,1.79,51.902494213596,NaN
12005.67,12007.43,1.77,61.6388152754303,NaN
12062.53,12063.53,1.01,55.2352672274087,NaN
12089.46,12090.16,0.71,24.2977924516195,NaN
12090.24,12091.49,1.26,67.2243139584775,NaN
12107.67,12109.51,1.85,57.8122642929441,NaN
12117.89,12119.73,1.85,55.9738989862816,NaN
12146.33,12148.12,1.8,57.2161189199856,NaN
12207.7,12209.58,1.89,59.1512562150823,NaN
12213.81,12215.66,1.86,62.9647504907424,NaN
12237.14,12238.16,1.03,55.8519832099513,NaN
12239.39,12241.23,1.85,56.9589983924753,NaN
12258.51,12259.37,0.87,58.1373618052301,NaN
12268.19,12269.98,1.8,61.3659244148514,NaN
12273.77,12275.62,1.86,62.2603636621837,NaN
12288.59,12289.59,1.01,66.2292684760501,NaN
12315.7,12316.8,1.11,60.834780038297,NaN
12327.15,12328.98,1.84,60.0248154519407,NaN
12387.87,12388.8,0.94,19.97827634178,NaN
12595.99,12597.86,1.88,54.7825539703624,NaN
12673.4,12675.26,1.87,54.154395099644,NaN
12691.53,12693.34,1.82,56.9205855546354,NaN
12695.87,12697.42,1.56,44.5508164813744,NaN
12757.62,12758.66,1.05,68.3073400340564,NaN
12772.24,12772.8,0.57,37.5135751968365,NaN
12773.62,12774.51,0.9,22.1823364367099,NaN
12798.7,12800.54,1.85,62.7834612297686,NaN
12876.55,12878.4,1.86,58.1883807304131,NaN
12885.02,12886.84,1.83,64.9485458710499,NaN
12932.96,12934.77,1.82,60.315774177998,NaN
12964.94,12965.84,0.91,23.6699580398138,NaN
13149.86,13150.85,1,56.3261553537333,NaN
13169.76,13171.53,1.78,60.8813101882104,NaN
13177.91,13179.77,1.87,59.4831132369612,NaN
13228.69,13230.25,1.57,73.5121299672907,NaN
13261.68,13263.47,1.8,60.8519151037273,NaN
13334.93,13336.69,1.77,57.3894445361507,NaN
13348.31,13350.09,1.79,58.1884087557267,NaN
13365.09,13365.96,0.88,12.7626190927316,NaN
13366.35,13367.15,0.81,57.4294997803619,NaN
13367.51,13368.43,0.93,20.1519112463533,NaN
13381.74,13383.61,1.88,61.1935397901884,NaN
13395.76,13397.26,1.51,51.5476334754719,NaN
13407.43,13409.25,1.83,60.169104292303,NaN
13438.16,13439.98,1.83,56.9947224588931,NaN
13449.7,13451.54,1.85,61.499954416446,NaN
13496.94,13498.81,1.88,63.1124828813577,NaN
13500.01,13501.8,1.8,54.9027609048465,NaN
13505.77,13507.58,1.82,65.1769184507617,NaN
13507.82,13508.54,0.73,23.4262915541517,NaN
13526.83,13528.65,1.83,54.5406431815001,NaN
13536.46,13538.22,1.77,49.5698883589173,NaN
13538.79,13540.54,1.76,58.7219599342073,NaN
13571.62,13572.32,0.71,15.8119026121154,NaN
13585.92,13586.8,0.89,42.0073466141139,NaN
13606.35,13608.15,1.81,56.4189528670337,NaN
13623.13,13624.98,1.86,61.0575925725419,NaN
13627.27,13629.11,1.85,63.0725254664684,NaN
13630.8,13632.62,1.83,55.6782735617118,NaN
13677.14,13678.08,0.95,17.3556672311308,NaN
13733.5,13735.36,1.87,65.6534583610973,NaN
13737.02,13738.75,1.74,47.5561716092208,NaN
13766.67,13768.53,1.87,53.9178847758101,NaN
13782.21,13784,1.8,68.5639271960435,NaN
13795.04,13796.82,1.79,52.3628123572097,NaN
13801.78,13803.62,1.85,59.2157875785889,NaN
13825.75,13827.54,1.8,60.6624710757451,NaN
13901.02,13902.82,1.81,59.26739675447,NaN
13906.12,13907.92,1.81,59.82128942444,NaN
13914.63,13915.91,1.29,57.3285391219319,NaN
13967.1,13968.87,1.78,62.6012812100827,NaN
13991.53,13993.39,1.87,56.8518154053062,NaN
14010.21,14012.02,1.82,67.8264698939563,NaN
14049.78,14051.62,1.85,53.0661254848492,NaN
14086.05,14086.79,0.75,10.3691891261952,NaN
14087.2,14088.1,0.91,52.8351468046343,NaN
14094.03,14095.85,1.83,54.6327885485342,NaN
14124.29,14126.12,1.84,54.7475850451405,NaN
14148.41,14150.21,1.81,50.6331861369394,NaN
14184.08,14185.57,1.5,57.335130859252,NaN
14191.6,14193.15,1.56,64.2647885351219,NaN
14210.86,14212.65,1.8,63.8423198884583,NaN
14234.54,14235.29,0.76,19.6115645197053,NaN
14254.89,14255.75,0.87,13.8047869898277,NaN
14309.42,14311.2,1.79,55.5961746588873,NaN
14323.53,14325.4,1.88,56.9246167835163,NaN
14332.21,14334,1.8,53.4766400025258,NaN
14344.32,14346.11,1.8,55.2326858543493,NaN
14390.24,14392.07,1.84,58.1647295014565,NaN
14402.61,14404.43,1.83,58.8390684229091,NaN
14458.48,14460.31,1.84,64.1167738238868,NaN
14468.24,14469.33,1.1,57.3541883393333,NaN
14487.89,14489.71,1.83,61.5550751584857,NaN
14508.22,14509.03,0.82,15.2962316484737,NaN
14540.25,14542.06,1.82,60.9602930262283,NaN
14550.04,14551.11,1.08,59.0245213484726,NaN
14557.3,14558.32,1.03,56.1598908952007,NaN
14558.73,14559.35,0.63,19.3435299021052,NaN
14562.93,14563.8,0.88,20.6939073942391,NaN
14564.09,14565.86,1.78,62.1609775505924,NaN
14572.06,14573.82,1.77,51.8150165859287,NaN
14658.76,14660.55,1.8,57.9519262198649,NaN
14740.19,14741.99,1.81,60.8189911260159,NaN
14757.01,14758.35,1.35,60.5552076104747,NaN
14780.93,14782.73,1.81,55.4192703406971,NaN
14865.88,14867.69,1.82,58.7234133546203,NaN
14880.92,14881.59,0.68,19.4373154678269,NaN
14905.59,14907.48,1.9,61.8780853909086,NaN
14999.9,15001.7,1.81,57.9514310416675,NaN
15004.96,15006.82,1.87,55.9165346049973,NaN
15027.3,15028.87,1.58,67.8675694801835,NaN
15038.91,15040.74,1.84,58.3090067089959,NaN
15041.94,15043.75,1.82,57.1946663642078,NaN
15044.95,15046.78,1.84,59.3659440628807,NaN
15049.54,15051.39,1.86,48.966999367349,NaN
15053.31,15055.14,1.84,54.9210540797613,NaN
15083.39,15085.2,1.82,67.060599685695,NaN
15106.96,15108.29,1.34,64.0659879911951,NaN
15112.25,15114.04,1.8,51.8549755583337,NaN
15123.48,15125.32,1.85,60.3537901873429,NaN
15204.93,15206.19,1.27,68.5156901656806,NaN
15236.55,15238.34,1.8,55.9265384778506,NaN
15238.93,15240.78,1.86,57.1488649990039,NaN
15252.09,15253.88,1.8,55.5060395951694,NaN
15280.22,15282.02,1.81,57.4923561660967,NaN
15324.19,15325.16,0.98,28.9988553627929,NaN
15332.02,15333.91,1.9,57.7917316646203,NaN
15358.61,15360.42,1.82,57.8844022716341,NaN
15367.77,15369.62,1.86,55.9889887494608,NaN
15376.11,15377.96,1.86,61.3841893147369,NaN
15388.78,15390.61,1.84,49.4480471377218,NaN
15392.54,15394.36,1.83,61.8338949032168,NaN
15402.97,15404.8,1.84,53.1883362920522,NaN
15406.37,15408.27,1.91,64.593997951782,NaN
15414.67,15416.46,1.8,56.0956636060486,NaN
15420.56,15422.33,1.78,53.0395975783724,NaN
15467.74,15469.58,1.85,59.2517558034137,NaN
15490.29,15492.16,1.88,58.7918350379977,NaN
15498.65,15500.52,1.88,60.1747246028277,NaN
15512.99,15514.86,1.88,54.2793187296743,NaN
15517.13,15519.02,1.9,62.5432512665742,NaN
15581.37,15583.24,1.88,58.0065199172469,NaN
15641.49,15643.37,1.89,57.759829407567,NaN
15670.87,15672.7,1.84,57.208291034448,NaN
15684.95,15686.51,1.57,54.4640431734447,NaN
15689.85,15691.67,1.83,52.186278646103,NaN
15700.27,15702.09,1.83,55.2106425469406,NaN
15705.72,15707.49,1.78,54.1188628725533,NaN
15722.14,15723.93,1.8,60.3132691914602,NaN
15728.83,15730.62,1.8,54.050888049655,NaN
15734.81,15736.64,1.84,51.1835182904903,NaN
15765.21,15766.99,1.79,53.9966831663093,NaN
15780.36,15782.27,1.92,69.9420207907294,NaN
15799.1,15800.1,1.01,43.6447462600102,NaN
15839.69,15841.52,1.84,60.4128061056928,NaN
15848.23,15850.07,1.85,54.1507743706574,NaN
15857.29,15857.98,0.7,19.2273473192119,NaN
15858.46,15860.27,1.82,57.9456081333602,NaN
15890.39,15892.23,1.85,59.3421326523137,NaN
15906.95,15908.79,1.85,57.031870824709,NaN
15930.75,15932.54,1.8,56.3045605844992,NaN
15946.72,15948.56,1.85,57.2646899290158,NaN
16065.74,16067.54,1.81,54.6110065367014,NaN
16071.4,16073.18,1.79,63.8330840603669,NaN
16091.23,16093.1,1.88,59.8327522106119,NaN
16106.44,16108.3,1.87,53.9775051320202,NaN
16110.5,16112.35,1.86,62.8938674447161,NaN
16131.31,16133.14,1.84,54.193350815414,NaN
16137.81,16139.65,1.85,60.1383543327422,NaN
16149.46,16151.29,1.84,57.353161982531,NaN
16159.62,16161.44,1.83,57.0535420552323,NaN
16170.06,16171.91,1.86,54.5264462841119,NaN
16194.92,16196.76,1.85,58.5831335052488,NaN
16209.24,16211.06,1.83,54.5931298813378,NaN
16216.5,16218.31,1.82,56.4049422185197,NaN
16222.06,16223.82,1.77,58.0241384706136,NaN
16233.74,16235.57,1.84,57.2481816185156,NaN
16274.41,16276.22,1.82,54.9115040757082,NaN
16319.83,16321.67,1.85,54.9793925266325,NaN
16340.49,16342.34,1.86,57.5904491288568,NaN
16345.51,16347.34,1.84,54.5417573912102,NaN
16356.86,16358.67,1.82,53.5378415116936,NaN
16394.34,16396.19,1.86,65.9618346859192,NaN
16400.01,16401.8,1.8,60.2620188411739,NaN
16403.53,16405.35,1.83,59.1779553660078,NaN
16414.77,16416.6,1.84,55.9793193382286,NaN
16421.38,16423.19,1.82,55.4635330970124,NaN
16423.83,16425.63,1.81,50.6552956401903,NaN
16439.5,16441.35,1.86,57.0312763416912,NaN
16594.69,16595.71,1.03,53.3241254045788,NaN
16611.14,16612.09,0.96,18.4514456493939,NaN
16612.53,16613.25,0.73,24.1639458058741,NaN
16613.95,16614.62,0.68,25.6453126541234,NaN
16615.4,16616.02,0.63,20.3269578875755,NaN
16656.35,16657.34,1,57.6399522505249,NaN
16674.7,16676.52,1.83,56.0077874481617,NaN
16677.08,16678.91,1.84,55.1715761849906,NaN
16682.94,16684.78,1.85,59.5611927536893,NaN
16694.32,16695.23,0.92,14.3057945923893,NaN
16701.42,16703.27,1.86,56.7241538965491,NaN
16721.75,16723.62,1.88,55.93087530132,NaN
16801.62,16803.45,1.84,57.8730876469203,NaN
16805.3,16807.15,1.86,58.5193993895244,NaN
16907.7,16909.54,1.85,57.6852115141328,NaN
16917.32,16919.08,1.77,60.3698529117802,NaN
16940.98,16942.06,1.09,61.6993596740056,NaN
16946.26,16948.13,1.88,58.8998084038149,NaN
16954.84,16955.8,0.97,32.1401732358771,NaN
16988.21,16990.05,1.85,56.7054885014109,NaN
17001.62,17003.46,1.85,52.9155352997125,NaN
17004.89,17006.23,1.35,64.7923683004579,NaN
17160.57,17162.43,1.87,64.1365096782867,NaN
17163.69,17165.53,1.85,56.9580351413247,NaN
17169.64,17171.41,1.78,56.1959858610518,NaN
17177.99,17179.8,1.82,59.5693089798726,NaN
17207.28,17209.05,1.78,55.2058674937943,NaN
17231.83,17233.69,1.87,61.1800229616977,NaN
17237.48,17239.29,1.82,60.4500538441198,NaN
17248.5,17250.3,1.81,53.0702209984202,NaN
17253.2,17255.04,1.85,58.9324950743228,NaN
17256.74,17258.59,1.86,59.7271506080128,NaN
17261.95,17263.83,1.89,60.4406707892395,NaN
17264.7,17266.52,1.83,55.6168754347956,NaN
17271.2,17273.09,1.9,60.1172750460429,NaN
17274.61,17276.43,1.83,59.6998504932544,NaN
17318.3,17320.15,1.86,58.0927424443911,NaN
17320.51,17322.32,1.82,60.1393697553903,NaN
17347.57,17349.36,1.8,62.1921517759337,NaN
17366.36,17366.88,0.53,12.4987734393607,NaN
17408.8,17410.64,1.85,51.3952404735767,NaN
17421.53,17422.66,1.14,67.6058296245795,NaN
17439.62,17440.56,0.95,20.0447462682841,NaN
17490.35,17492.18,1.84,60.4890909883079,NaN
17499.79,17501.54,1.76,51.4688902096029,NaN
17507.57,17508.21,0.65,12.4733639285737,NaN
17508.47,17510.29,1.83,59.1770046939947,NaN
17523.92,17525.8,1.89,58.7846230848044,NaN
17570.93,17572.79,1.87,56.7711204828677,NaN
17616.76,17618.54,1.79,55.0938511819931,NaN
17763.39,17765.22,1.84,57.5948055355037,NaN
17769.27,17771.03,1.77,51.3142410676066,NaN
17833.55,17835.33,1.79,57.9604560856653,NaN
17855.66,17857.43,1.78,49.7786872677191,NaN
17869.83,17870.68,0.86,55.6888370472264,NaN
17870.78,17871.85,1.08,62.7425905478119,NaN
17906.21,17908.02,1.82,57.2462620491367,NaN
17940.66,17942.46,1.81,61.8645724261113,NaN
17952.91,17953.8,0.9,15.5502689974213,NaN
17985.59,17987.39,1.81,55.1063531804177,NaN
17989.93,17991.76,1.84,53.5831904586629,NaN
18016.32,18018.18,1.87,59.4183019792357,NaN
18018.78,18020.64,1.87,56.1543106098594,NaN
18028.59,18030.41,1.83,57.5552166049134,NaN
18037.97,18039.81,1.85,56.4213299711425,NaN
18050.56,18051.55,1,47.3568580974153,NaN
18052.58,18054.37,1.8,60.8814921227334,NaN
18065.23,18067.08,1.86,56.1823713236679,NaN
18084.68,18086.23,1.56,65.206536917568,NaN
18089.33,18091.15,1.83,56.3713745477324,NaN
18104.56,18106.37,1.82,57.8175936066068,NaN
18117.32,18119.1,1.79,50.8322552203014,NaN
18188.68,18190.53,1.86,55.6609431646007,NaN
18247.84,18249.72,1.89,57.2910947929996,NaN
18282.25,18284.04,1.8,53.3634596378862,NaN
18327.74,18328.72,0.99,33.1149101990325,NaN
18328.9,18330.77,1.88,59.0736994994404,NaN
18348.59,18350.37,1.79,58.095279327653,NaN
18375.74,18377.57,1.84,55.9447103413931,NaN
18380.39,18382.15,1.77,53.9430260333558,NaN
18405.6,18407.4,1.81,55.1256566728001,NaN
18429.9,18431.75,1.86,54.2791167541716,NaN
18463.85,18465.66,1.82,52.3223853022953,NaN
18471.66,18472.36,0.71,20.0627432717801,NaN
18490.41,18492.27,1.87,56.2426542777454,NaN
18511.74,18512.67,0.94,19.4833118891262,NaN
18512.94,18514.78,1.85,58.3743809942772,NaN
18529.24,18531.09,1.86,60.7425138391878,NaN
18536.25,18538.09,1.85,51.9864885442564,NaN
18573.81,18575.3,1.5,57.4767289405868,NaN
18584.72,18586.6,1.89,55.0621263167013,NaN
18624.84,18626.71,1.88,51.735487481238,NaN
18635.43,18637.27,1.85,56.9149368249296,NaN
18643.4,18644.78,1.39,65.5718215901024,NaN
18704.35,18706.18,1.84,56.1801328811435,NaN
18730.82,18732.68,1.87,47.48424308824,NaN
18733.13,18734.96,1.84,47.5154038602552,NaN
18735.73,18737.61,1.89,61.4283197623869,NaN
18794.41,18796.24,1.84,59.6328070302902,NaN
18828.95,18830.79,1.85,56.8753249434861,NaN
18833.37,18835.23,1.87,58.181066353614,NaN
18839.29,18841.12,1.84,56.2992223857818,NaN
18845.16,18847,1.85,55.7101562706662,NaN
18896.79,18898.56,1.78,55.955752415932,NaN
18915.06,18916.59,1.54,59.3090997848693,NaN
18950.88,18952.71,1.84,63.9969236326933,NaN
18973.58,18974.39,0.82,12.2300161108569,NaN
19028.3,19029.8,1.51,62.5048697633901,NaN
19039.81,19041.19,1.39,63.8667433228765,NaN
19061.12,19061.95,0.84,55.4217755541704,NaN
19063.54,19065.33,1.8,51.4940452985642,NaN
19071.35,19073.17,1.83,55.6295483257663,NaN
19085.81,19087.65,1.85,60.7242946068485,NaN
19093.95,19095.02,1.08,63.8397673955799,NaN
19095.1,19096.03,0.94,48.9567533886344,NaN
19137.09,19139.01,1.93,64.1430913904881,NaN
19167.66,19169.5,1.85,70.4059741328937,NaN
19179.12,19181,1.89,56.278549965997,NaN
19194.02,19194.7,0.69,36.4262094665446,NaN
19206.32,19208.14,1.83,60.2412529469926,NaN
19285.08,19285.94,0.87,17.5329866516963,NaN
19288.56,19290.11,1.56,66.0775061895612,NaN
19290.59,19292.25,1.67,54.7530556470574,NaN
19326.21,19328.02,1.82,61.5238541866014,NaN
19350.5,19351.29,0.8,16.2315244672301,NaN
19351.61,19353.43,1.83,55.7408160428635,NaN
19364.37,19366.27,1.91,67.6215533286063,NaN
19443.35,19445.05,1.71,65.2007174881264,NaN
19475.15,19476.94,1.8,63.7230450534592,NaN
19484.87,19485.63,0.77,14.3748372854098,NaN
19489.92,19490.56,0.65,26.2764175608611,NaN
19554.88,19556.71,1.84,49.7012515057354,NaN
19571.43,19573.2,1.78,53.9534030295463,NaN
19577.51,19579.32,1.82,59.964229980337,NaN
19639.84,19641.14,1.31,65.8551079579083,NaN
19662.23,19664.07,1.85,60.4503898989443,NaN
19736.55,19738.36,1.82,66.3100386326401,NaN
19761.26,19763.05,1.8,59.0237918289138,NaN
19787.72,19789.48,1.77,56.9773975411751,NaN
19818.85,19820.64,1.8,51.8045959348067,NaN
19943.75,19945.18,1.44,52.1050828437857,NaN
19983.01,19984.82,1.82,53.211066183342,NaN
20015.1,20015.92,0.83,10.1190829601747,NaN
20019.77,20021.59,1.83,58.705322330253,NaN
20103.72,20105.11,1.4,67.6004810734418,NaN
20142.49,20143.96,1.48,68.8800223712422,NaN
20144.09,20144.6,0.52,9.10915895700517,NaN
20172.5,20174.29,1.8,59.0707338351534,NaN
20178.3,20180.11,1.82,62.6635045153063,NaN
20180.2,20182.03,1.84,52.0669717482745,NaN
20184.02,20185.81,1.8,65.4040985417839,NaN
20231.27,20233.13,1.87,55.1823957910296,NaN
20294.4,20296.2,1.81,69.2400796776635,NaN
20297.93,20299.7,1.78,58.7668496055481,NaN
20301.97,20303.78,1.82,59.5417346221447,NaN
20323,20324.85,1.86,58.6482701462611,NaN
20341.13,20342.05,0.93,51.2826433862966,NaN
20349.03,20350.8,1.78,56.1128548602818,NaN
20365.1,20365.84,0.75,11.1003650352941,NaN
20366.4,20367.36,0.97,45.7613473981923,NaN
20369.49,20371.3,1.82,48.4933509498015,NaN
20439.79,20441.27,1.49,47.6026940591707,NaN
20497.72,20499.41,1.7,59.251194822977,NaN
20507.91,20509.68,1.78,58.4430199616582,NaN
20556.75,20558.54,1.8,55.7753050932746,NaN
20622.61,20624.43,1.83,58.1313113581792,NaN
20626.03,20627.06,1.04,57.0605530320755,NaN
20627.39,20628.12,0.74,17.5756723584753,NaN
20673.9,20675.75,1.86,59.7867514237449,NaN
20693.34,20694.7,1.37,59.1846644508653,NaN
20727.44,20729.24,1.81,64.4236921345888,NaN
20735.86,20736.83,0.98,22.08854578895,NaN
20737.36,20737.95,0.6,10.1211856800177,NaN
20759.43,20761.29,1.87,61.6084343651656,NaN
20963.73,20964.86,1.14,57.6652518282294,NaN
21039.99,21041.81,1.83,55.8643973906546,NaN
21044.35,21046.22,1.88,60.2769815340388,NaN
21050.57,21052.41,1.85,58.7826504443772,NaN
21064.76,21065.45,0.7,21.5525211061292,NaN
21089.33,21091.16,1.84,64.4780113653418,NaN
21091.56,21092.48,0.93,60.3687717604977,NaN
21142.17,21142.87,0.71,13.511657555382,NaN
21159.94,21160.89,0.96,33.6946680499893,NaN
21161.01,21162.55,1.55,61.4305802200281,NaN
21193.24,21195.09,1.86,53.0892899550682,NaN
21262.39,21263.7,1.32,48.6238001625617,NaN
21277.13,21278.96,1.84,54.1607201101819,NaN
21281.99,21283.83,1.85,63.5300468701971,NaN
21300.37,21301.56,1.2,71.4051966134249,NaN
21392.96,21393.76,0.81,71.8971861210504,NaN
21470.96,21472.14,1.19,49.0867387452692,NaN
21581.7,21582.99,1.3,53.6727325189811,NaN
21588.66,21590.55,1.9,63.8518366526347,NaN
21638.79,21640.62,1.84,70.1745768045122,NaN
21787.69,21788.95,1.27,67.2281792169307,NaN
21983.63,21985.39,1.77,68.0943090177678,NaN
22023.26,22025.14,1.89,60.9409210062533,NaN
22034.13,22035.67,1.55,60.521720902303,NaN
22041.4,22043.17,1.78,52.6674130913697,NaN
22079.33,22080.62,1.3,59.8184738953532,NaN
22080.64,22081.36,0.73,23.4895263466962,NaN
22095.04,22096.86,1.83,61.3369726072936,NaN
22098.94,22100.77,1.84,54.5777324875368,NaN
22259.43,22260.13,0.71,43.1537086105905,NaN
22260.79,22261.49,0.71,34.8280025622646,NaN
22276.15,22277.02,0.88,22.607418251094,NaN
22277.3,22278.21,0.92,38.1644786790846,NaN
22576.07,22576.86,0.8,52.1051960927152,NaN
22576.91,22578.14,1.24,51.5570461617931,NaN
23339.39,23340.67,1.29,62.4788042502599,NaN
23685.16,23687,1.85,60.8113489991956,NaN
23821.24,23822.09,0.86,36.8762089107259,NaN
23891.79,23893.53,1.75,48.679844326231,NaN
23976.37,23977.06,0.7,50.5587953299449,NaN
24007.14,24008.96,1.83,54.0689873422633,NaN
24069.47,24070.35,0.89,37.0494611316858,NaN
24132.43,24134.15,1.73,43.1105080368271,NaN
24153.62,24154.39,0.78,33.2027543419179,NaN
24180.65,24182.47,1.83,44.3613431372943,NaN
24187.7,24188.36,0.67,29.6796756781964,NaN
24192.46,24193.46,1.01,42.1650411108497,NaN
24244.7,24246.57,1.88,58.6988526708573,NaN
24286.26,24287,0.75,22.7988636912332,NaN
24309.05,24310.83,1.79,50.4305372928348,NaN
24335.28,24335.85,0.58,38.5926081554681,NaN
24335.98,24337.34,1.37,51.3269249530464,NaN
24347.02,24348.83,1.82,44.1222308972193,NaN
24365.28,24366.17,0.9,30.3609271417439,NaN
24398.27,24400.02,1.76,41.7849367888681,NaN
24442.91,24444.55,1.65,46.1057460981772,NaN
24627.53,24629.41,1.89,65.0054859444754,NaN
24885.92,24886.83,0.92,18.2949303054839,NaN
24895.57,24896.46,0.9,19.9945362039913,NaN
24931.15,24933.02,1.88,56.4294153297638,NaN
25386.84,25388.03,1.2,49.6774434988099,NaN
25422.36,25424.07,1.72,53.3403056102828,NaN
25545.28,25547.19,1.92,58.157501265235,NaN
25712.69,25713.68,1,45.1807064266815,NaN
25774.68,25775.34,0.67,35.6737706290552,NaN
25809.21,25810.92,1.72,54.6346438759262,NaN
25829.9,25831.69,1.8,54.5049315683666,NaN
25854.59,25856.14,1.56,53.5988463163297,NaN
25862.68,25864.41,1.74,50.0302406021315,NaN
25932.59,25934.17,1.59,57.7263355068591,NaN
25971.39,25973.22,1.84,58.5753612128204,NaN
26086.82,26087.35,0.54,30.5325427633872,NaN
26106.06,26107.64,1.59,44.894029805191,NaN
26132.92,26134.32,1.41,51.7158757519184,NaN
26335,26336.71,1.72,44.916207423487,NaN
26338.55,26340.1,1.56,44.5664454004622,NaN
26518.89,26520.26,1.38,51.2310800507067,NaN
26548.75,26550.61,1.87,62.8977867803143,NaN
26628.62,26629.69,1.08,42.3560975587873,NaN
26821.31,26822.82,1.52,49.6942077248077,NaN
26885.58,26887.45,1.88,52.007789767182,NaN
26948.64,26949.99,1.36,45.4784980762656,NaN
27000.62,27002.37,1.76,48.5397793253641,NaN
27011.23,27012.88,1.66,54.3624402438393,NaN
27016.97,27018.84,1.88,67.257996685137,NaN
27070.62,27072.5,1.89,59.9024446129818,NaN
27087.41,27088.92,1.52,57.7235606505624,NaN
27212.76,27214.25,1.5,51.7110850703633,NaN
27307.11,27308.42,1.32,54.5953774124404,NaN
27340.22,27341.98,1.77,48.654482819862,NaN
27393.51,27394.81,1.31,49.2483277435348,NaN
27421.25,27422.53,1.29,57.4988932178337,NaN
27422.58,27423.39,0.82,28.0300979439471,NaN
27558.29,27559.04,0.76,22.147428487158,NaN
27631.34,27632.13,0.8,31.9011156627696,NaN
27643.49,27645.25,1.77,45.4870419301376,NaN
27760.24,27761.75,1.52,44.5070263759746,NaN
27812.12,27813.95,1.84,46.4773633148153,NaN
27824.79,27825.67,0.89,12.9571573722373,NaN
27839.58,27841.23,1.66,69.3115160831885,NaN
27858.68,27860.4,1.73,47.7619791765037,NaN
28039.93,28041.44,1.52,43.6462802102907,NaN
28065.76,28066.39,0.64,24.6779215185472,NaN
28323.58,28324.85,1.28,47.0166710357277,NaN
28406.43,28407.61,1.19,42.7199584552487,NaN
28870.03,28871.19,1.17,44.1082093798902,NaN
29010.62,29012.23,1.62,52.9503296905368,NaN
29014.41,29016.04,1.64,50.1287264881689,NaN
29035.28,29036.44,1.17,40.210681252109,NaN
29175.54,29177.2,1.67,56.647584764062,NaN
29187.19,29189,1.82,53.9027007336109,NaN
29192,29192.85,0.86,25.9197357002896,NaN
29206.84,29207.89,1.06,51.7867720774073,NaN
29218.71,29220.34,1.64,48.8199213707917,NaN
30156.43,30158.23,1.81,51.0363664994985,NaN
30225.1,30226.93,1.84,50.8162291964372,NaN
30254.93,30256.58,1.66,47.4782146558726,NaN
30281.87,30283.46,1.6,54.8731698568291,NaN
30302.08,30303.76,1.69,44.0840310263534,NaN
30332.88,30334.75,1.88,54.1313909637951,NaN
30456.44,30457.67,1.24,60.4407217013894,NaN
30566.74,30568.34,1.61,46.9125267020597,NaN
30590.29,30590.85,0.57,29.6107157487712,NaN
30621.86,30623.68,1.83,48.7403026981151,NaN
30731.13,30732.65,1.53,42.1247962037401,NaN
30745.42,30746.27,0.86,26.6802509257392,NaN
30748.68,30749.94,1.27,47.376204801513,NaN
30753.2,30754.75,1.56,58.1928659372965,NaN
30757.68,30758.45,0.78,40.9573998390603,NaN
30816.85,30817.78,0.94,33.573821557652,NaN
31104.08,31105.93,1.86,53.5274330511665,NaN
31221.16,31223.07,1.92,56.8425865518729,NaN
31292.94,31294.6,1.67,57.7555328220481,NaN
31300.22,31301.98,1.77,50.1805399964444,NaN
31314.48,31316.19,1.72,53.5873985895385,NaN
31317.43,31318.96,1.54,55.5487539845641,NaN
31451.85,31453.62,1.78,56.1990416378532,NaN
31485.38,31486.06,0.69,19.640428624085,NaN
31493.25,31494.63,1.39,50.8588453727049,NaN
31512.54,31513.25,0.72,26.737529361705,NaN
31528.86,31530.61,1.76,45.957567067153,NaN
31552.77,31554.53,1.77,53.5675846134632,NaN
31556.55,31558.17,1.63,53.4973138064142,NaN
31560.26,31562.05,1.8,45.2040439123375,NaN
31582.3,31583.36,1.07,45.7689514646627,NaN
31586.46,31588.01,1.56,39.5571235852393,NaN
31641.59,31643.02,1.44,50.8817801087944,NaN
31643.16,31643.69,0.54,21.8463136278229,NaN
31702.41,31704.06,1.66,54.2698206028732,NaN
31741.55,31743.39,1.85,53.8433363249513,NaN
31843.51,31845.17,1.67,56.5442434372277,NaN
32207.24,32208.93,1.7,46.1662822813432,NaN
32257.54,32259.31,1.78,53.0619341295581,NaN
32268.13,32269.81,1.69,64.6561186902327,NaN
32318.31,32319.11,0.81,28.5537677662795,NaN
32357.7,32358.67,0.98,33.7931197026713,NaN
32364.25,32366.08,1.84,46.2594228068257,NaN
32508.48,32508.97,0.5,25.5431807066006,NaN
32524.01,32525.42,1.42,44.3465175148519,NaN
32532.58,32533.7,1.13,48.0294808501952,NaN
32533.74,32534.74,1.01,37.5532369190207,NaN
32561.27,32563.01,1.75,45.262653069238,NaN
32603.2,32605.07,1.88,53.9178786434875,NaN
32721.23,32723.05,1.83,54.7425979512285,NaN
32851.01,32852.64,1.64,47.5562676563509,NaN
32862.36,32863.3,0.95,38.2927115679638,NaN
33001.69,33003.3,1.62,52.2851793025312,NaN
33124.19,33126.02,1.84,54.932456293011,NaN
33176.59,33178.11,1.53,46.3717355514484,NaN
33248.92,33250.41,1.5,50.9178039158818,NaN
33363.46,33364.26,0.81,32.4450210676527,NaN
33442.67,33444.46,1.8,53.6755468312885,NaN
33507.6,33509.38,1.79,46.2295207772789,NaN
33533.83,33535.52,1.7,44.7343391727393,NaN
33582.76,33583.54,0.79,35.4224773107447,NaN
33583.98,33585.77,1.8,48.5330276014006,NaN
33642.26,33643.72,1.47,47.4652938788332,NaN
33666.11,33667.95,1.85,47.9918779815818,NaN
33668.68,33669.93,1.26,51.5211870362632,NaN
33698.5,33699.57,1.08,52.1273074578086,NaN
34110.24,34111.58,1.35,51.1675566197813,NaN
34113.03,34113.96,0.94,24.1936849464311,NaN
34698.85,34700.03,1.19,45.8707784321374,NaN
34791.68,34792.52,0.85,20.5233639314622,NaN
34852.04,34853.5,1.47,57.7700361708272,NaN
34867.45,34869.08,1.64,45.0228323625635,NaN
35101.32,35103.04,1.73,48.500089848519,NaN
35119.66,35121.51,1.86,68.4788691818974,NaN
35487.09,35488.6,1.52,52.8018823959424,NaN
35796.54,35798.23,1.7,52.601216591744,NaN
35889.12,35889.9,0.79,22.9623692976724,NaN
36080.03,36081.9,1.88,63.4137958384801,NaN
36248.59,36250.32,1.74,47.0960072479487,NaN
36290.03,36291.53,1.51,53.9122832969258,NaN
36311,36312.77,1.78,51.47187656685,NaN
36362.81,36364.66,1.86,60.8973872238411,NaN
36471.48,36473.23,1.76,51.001625600788,NaN
36702.91,36704.75,1.85,45.2465629303291,NaN
36999.35,37000.97,1.63,41.1317113889528,NaN
37036.43,37037.47,1.05,49.0911892553679,NaN
37043.58,37044.32,0.75,26.7488833148011,NaN
37100.77,37101.41,0.65,42.8685967030503,NaN
37321.71,37323.52,1.82,50.4774988264994,NaN
37389.34,37390.41,1.08,61.6427272070445,NaN
37415.78,37416.61,0.84,27.2231705447516,NaN
37486.58,37487.64,1.07,50.4340469638946,NaN
37487.75,37488.81,1.07,45.0550775731741,NaN
37489.02,37490.06,1.05,48.8234150723181,NaN
37546.6,37548.42,1.83,52.1293255929422,NaN
37626.93,37628.14,1.22,49.2256178799624,NaN
37677.17,37678.02,0.86,18.5337030592801,NaN
37791.89,37792.7,0.82,23.2641536765055,NaN
37937.92,37939.31,1.4,61.7553522069622,NaN
38569.11,38569.95,0.85,18.0087457519023,NaN
39113.12,39114.53,1.42,49.3922954690903,NaN
39206.57,39207.95,1.39,52.1034439727345,NaN
40443.23,40445.09,1.87,52.3878380841935,NaN
40551.21,40552.98,1.78,44.5148150129952,NaN
40818.44,40820.26,1.83,52.3594408296259,NaN
40916.64,40918.15,1.52,46.5251616467883,NaN
41033.62,41035.23,1.62,45.2622109815509,NaN
41132.29,41133.85,1.57,47.3953553509112,NaN
41153.69,41154.96,1.28,54.3114517769394,NaN
41160.54,41162.38,1.85,49.4340114257181,NaN
41254.61,41256.02,1.42,47.1130227469348,NaN
41360.63,41361.56,0.94,37.8379415449248,NaN
41420.97,41421.86,0.9,31.7349788969127,NaN
41435.56,41436.96,1.41,53.5115457946422,NaN
41552.82,41554.1,1.29,62.5784839262785,NaN
41590.42,41591.98,1.57,62.8077699253214,NaN
41869.73,41871.18,1.46,61.9020054922954,NaN
42110.91,42112.74,1.84,58.0397773823825,NaN
42374.57,42376.24,1.68,48.2426376019622,NaN
42396.96,42398.63,1.68,51.3441386148227,NaN
42579.57,42581.26,1.7,47.6887255301937,NaN
42608.19,42609.76,1.58,48.1815022042698,NaN
42657.63,42659.38,1.76,41.0251788338948,NaN
42702.63,42703.48,0.86,33.5612089742368,NaN
42988.92,42990.52,1.61,71.5786557742528,NaN
43095.84,43097.11,1.28,45.741363698683,NaN
43381.08,43382.6,1.53,57.2187767047077,NaN
43810.95,43812.82,1.88,60.6525666219036,NaN
43902.28,43903.15,0.88,18.0989285414328,NaN
44432.81,44434.63,1.83,61.3367634875542,NaN
44447,44448.73,1.74,49.1492712022478,NaN
44643.4,44644.59,1.2,60.5641748731103,NaN
44730.89,44732.44,1.56,54.1039901967873,NaN
44807.2,44808.95,1.76,55.7738377723498,NaN
45011.31,45013.18,1.88,58.2870626795446,NaN
45047.76,45049.61,1.86,54.7399433906968,NaN
45243.24,45244.72,1.49,44.9430917423963,NaN
45423.51,45424.8,1.3,48.7896390175467,NaN
45599.28,45601.09,1.82,50.2582775825416,NaN
45623.46,45624.96,1.51,46.2865303586014,NaN
45728.34,45729.72,1.39,51.3936738843742,NaN
45738.21,45738.99,0.79,14.9077539051952,NaN
45739.32,45740.26,0.95,36.5649685773655,NaN
45802.36,45803.94,1.59,57.7728243391177,NaN
46060.76,46061.99,1.24,48.708340173577,NaN
46218.48,46220.04,1.57,47.9736165567991,NaN
46232.57,46233.39,0.83,14.7599517512456,NaN
46516.78,46517.93,1.16,47.488337930554,NaN
47213.49,47214.6,1.12,43.755115940266,NaN
47229.84,47231.67,1.84,68.1850663773862,NaN
47636.25,47637.7,1.46,65.4056105473524,NaN
47964.17,47965.6,1.44,50.5064600651674,NaN
47967.95,47968.85,0.91,54.8326983239786,NaN
47974.4,47976.2,1.81,63.3576759207619,NaN
49281.65,49283.34,1.7,69.5748360885834,NaN
49399.6,49400.55,0.96,46.021850752126,NaN
49439.53,49440.51,0.99,43.3633967573198,NaN
49908.63,49910.27,1.65,48.4303978761592,NaN
50072.74,50074.55,1.82,71.5208717648918,NaN
50367.1,50368.28,1.19,52.3688396404665,NaN
50370.57,50371.51,0.95,25.8681893460134,NaN
50405.46,50407.05,1.6,50.9381110428767,NaN
51115.16,51116.85,1.7,56.9955205311038,NaN
51164.53,51166.31,1.79,61.1235738849715,NaN
51313.96,51315.72,1.77,62.7325584696582,NaN
51758.54,51760.15,1.62,46.7386026818957,NaN
52096.13,52097.92,1.8,59.4730498029587,NaN
53185.29,53187.13,1.85,66.2824587997021,NaN
53313.58,53315.1,1.53,52.277436420619,NaN
53326.1,53327.94,1.85,54.2866639355882,NaN
53563.81,53565.6,1.8,53.4198768391484,NaN
53581.59,53583.37,1.79,63.2562074085436,NaN
53731.66,53732.32,0.67,21.0451040805162,NaN
53735.51,53736.35,0.85,35.0382658953344,NaN
53736.86,53737.68,0.83,24.4414648258073,NaN
53787.41,53789.22,1.82,61.4918969008964,NaN
53849.87,53851.75,1.89,63.0692074199092,NaN
53859.48,53860.34,0.87,48.0100226073711,NaN
54005.37,54006.26,0.9,63.8457238215578,NaN
54066.01,54067.87,1.87,52.3653366247187,NaN
54070.84,54071.74,0.91,24.5445280670187,NaN
54096.42,54098.04,1.63,56.8394785424209,NaN
54115.37,54117.21,1.85,48.9344343073455,NaN
54182.41,54183.79,1.39,58.4870879798777,NaN
54190.48,54191.93,1.46,54.7771273364208,NaN
54323.72,54324.58,0.87,27.3915232597854,NaN
54339.32,54340.72,1.41,66.4285316251604,NaN
54495.67,54497.54,1.88,56.1349731979108,NaN
54512.13,54513.57,1.45,60.1556417772023,NaN
54544.2,54546.06,1.87,64.2566099941488,NaN
54601.85,54603.77,1.93,68.1435212321693,NaN
54713.05,54714.92,1.88,57.2365900099754,NaN
54727.23,54729.03,1.81,55.9924563040344,NaN
54753.01,54754.85,1.85,59.3952232565838,NaN
54831.64,54833.3,1.67,70.0002922189949,NaN
54851.47,54853.33,1.87,59.8506724587655,NaN
54906.46,54908.22,1.77,47.2113993506862,NaN
54909.19,54911.03,1.85,53.8023684617577,NaN
54994.21,54996.09,1.89,64.5880388017196,NaN
55009.1,55010.98,1.89,51.0585917678761,NaN
55049.28,55051.17,1.9,65.6005454489568,NaN
55056.85,55058.7,1.86,67.4505880599166,NaN
55087.09,55088.98,1.9,60.4881541268064,NaN
55092.43,55094.3,1.88,62.838328198253,NaN
55114.88,55116.76,1.89,61.6012404812686,NaN
55239.47,55241.35,1.89,61.2481716439588,NaN
55267.91,55269.81,1.91,62.9199830286054,NaN
55274.25,55276.17,1.93,68.8756556875836,NaN
55347.31,55349,1.7,45.9061689790337,NaN
55434.73,55436.63,1.91,60.3028552418451,NaN
55445.46,55447.29,1.84,54.6607461834167,NaN
55457.03,55458.88,1.86,51.7883651481632,NaN
55459.39,55461.3,1.92,59.4638005375868,NaN
55499.87,55500.84,0.98,44.41892550143,NaN
55512.52,55514.28,1.77,53.7099592563326,NaN
55524.16,55525.73,1.58,63.797000421639,NaN
55529.61,55531.52,1.92,60.6941676487334,NaN
55573.61,55575.5,1.9,67.4814898211867,NaN
55605.4,55607.05,1.66,59.7088364795124,NaN
55614.71,55615.85,1.15,60.6939351501346,NaN
55687.26,55689.04,1.79,60.4507098578882,NaN
55696.28,55697.27,1,31.6833495666962,NaN
55698.89,55700.72,1.84,52.6036638171977,NaN
55733.16,55734.93,1.78,57.9894943994243,NaN
55765.89,55767.54,1.66,60.5347261602966,NaN
55854.66,55856.53,1.88,56.0098781315686,NaN
55865.61,55867.41,1.81,56.0766605832316,NaN
55934.92,55936.25,1.34,66.1274093764577,NaN
55939.21,55941.02,1.82,59.8505453719079,NaN
55951.12,55952.94,1.83,54.876609692324,NaN
55958.37,55960.21,1.85,61.3031704376255,NaN
55993.32,55995.25,1.94,59.9896583745129,NaN
56003.22,56005.14,1.93,61.5940972418743,NaN
56018.94,56020.74,1.81,59.4457758871909,NaN
56021.91,56023.7,1.8,58.866390232936,NaN
56081.95,56083.77,1.83,54.2136277217717,NaN
56093.39,56095.27,1.89,64.0037213080201,NaN
56134.28,56136.15,1.88,57.2993739159631,NaN
56148.33,56150.18,1.86,69.5386085264384,NaN
56160.3,56162.07,1.78,50.2370602554754,NaN
56165.51,56167.33,1.83,60.8897222782759,NaN
56195.07,56196.96,1.9,55.0311672061727,NaN
56198.3,56200.16,1.87,57.7906134400711,NaN
56277.3,56279.11,1.82,55.3956637115128,NaN
56334.86,56336.08,1.23,58.3512012935658,NaN
56339.79,56341.6,1.82,53.8223193414881,NaN
56354.08,56355.91,1.84,56.0104051615424,NaN
56356.17,56358.02,1.86,61.7285524064985,NaN
56373.23,56375.1,1.88,59.8194310448787,NaN
56428.43,56430.33,1.91,63.5899058377032,NaN
56451.9,56453.76,1.87,62.6564846011945,NaN
56743.72,56745.61,1.9,60.65793473806,NaN
56798.59,56800.48,1.9,55.4955393922147,NaN
56816.2,56816.79,0.6,25.1712920607855,NaN
56822.2,56824.08,1.89,60.7568056949411,NaN
56866.69,56867.54,0.86,40.2058697281529,NaN
56980.84,56982.4,1.57,65.9644905811332,NaN
57113.8,57115.65,1.86,64.7738821280707,NaN
57141.27,57142.26,1,34.0140850227531,NaN
57144.58,57145.87,1.3,55.0908151887559,NaN
57226.33,57227.56,1.24,62.1472412085541,NaN
57269.2,57269.95,0.76,27.2892111402599,NaN
57292.97,57294.76,1.8,53.2473222402811,NaN
57307.16,57309,1.85,67.4857649416918,NaN
57309.78,57311.35,1.58,57.6393354273402,NaN
57320.51,57321.39,0.89,39.811214113474,NaN
57348.07,57349.81,1.75,80.4579523750979,NaN
57363.43,57364.39,0.97,38.8855156129364,NaN
57372.21,57373.25,1.05,61.3798600579787,NaN
57392.9,57394.79,1.9,53.8785297199161,NaN
57455.21,57457.06,1.86,61.2754142059309,NaN
57457.23,57458.62,1.4,51.8959481468164,NaN
57485.83,57487.68,1.86,60.7898770089829,NaN
57563.84,57565.38,1.55,62.0030205843992,NaN
57593.52,57595.13,1.62,55.3686357802024,NaN
57601.58,57603.43,1.86,59.5111430850566,NaN
57611.45,57612.5,1.06,59.3067446050175,NaN
57622.97,57624.24,1.28,64.8845891175823,NaN
57633.99,57635.85,1.87,56.2881872709605,NaN
57673.64,57675.48,1.85,54.9384014106908,NaN
57699.15,57700.98,1.84,55.9240865336841,NaN
57730.16,57731.99,1.84,59.823892192428,NaN
57786.42,57788.05,1.64,70.7081340757394,NaN
57828.47,57830.3,1.84,52.6199666766095,NaN
57844.57,57846.47,1.91,51.153351922181,NaN
57857.09,57858.9,1.82,63.9486179832405,NaN
57867.95,57869.6,1.66,75.1325152232252,NaN
57871.68,57872.24,0.57,20.4915560099429,NaN
57932.52,57934.35,1.84,48.6199949380161,NaN
57950.26,57951.16,0.91,11.0140937423389,NaN
58003.57,58005.38,1.82,53.8285197544416,NaN
58063.11,58065,1.9,61.5985355074948,NaN
58082.34,58084.17,1.84,63.6159878491557,NaN
58161.05,58162.06,1.02,41.0187434128013,NaN
58183.72,58185.62,1.91,65.2237107316137,NaN
58186.11,58187.97,1.87,52.3523571647517,NaN
58206.09,58207.02,0.94,29.0014298567543,NaN
58219.06,58220.95,1.9,60.7749217954601,NaN
58231.38,58232.36,0.99,22.6015638752319,NaN
58245.71,58247.5,1.8,69.1062521839508,NaN
58249.22,58251.1,1.89,64.140671385057,NaN
58366.59,58368.44,1.86,59.8489904928338,NaN
58466.19,58468.08,1.9,54.5533525849912,NaN
58475.38,58477.25,1.88,57.0411235500706,NaN
58478.96,58479.95,1,28.4747522069391,NaN
58543.1,58544.97,1.88,53.4449059201666,NaN
58545.79,58546.93,1.15,59.2144709629254,NaN
58547.46,58549.33,1.88,55.1845896405562,NaN
58616.63,58618.47,1.85,63.5569789495097,NaN
58623.73,58625.55,1.83,55.1389644929216,NaN
58663,58663.92,0.93,14.7670713157608,NaN
58690.67,58692.51,1.85,61.9132673547071,NaN
58735.19,58737.07,1.89,67.1428859545572,NaN
58751.74,58753.5,1.77,56.4499697421568,NaN
58755.31,58756.3,1,31.1868648665629,NaN
58760.11,58761.95,1.85,58.4570360912675,NaN
58809.93,58810.67,0.75,7.7820909081988,NaN
58811.34,58812,0.67,7.66299125497697,NaN
58903.26,58905.1,1.85,60.8170983689119,NaN
58919.64,58921.44,1.81,66.1157986089311,NaN
58921.87,58923.66,1.8,52.1681633870032,NaN
58942.03,58943.78,1.76,54.5548475430373,NaN
58954.6,58956.48,1.89,66.0971187742553,NaN
59010.63,59011.81,1.19,65.2690949191868,NaN
59029.48,59031.33,1.86,57.7806700234716,NaN
59041.03,59042.85,1.83,51.1345607662452,NaN
59086.65,59088.5,1.86,59.4561874705218,NaN
59089.16,59090.96,1.81,48.1642602883588,NaN
59100.3,59101.42,1.13,56.8303617124438,NaN
59116.23,59118.12,1.9,54.1973738921581,NaN
59134.8,59136.6,1.81,70.6743077964378,NaN
59150.58,59152.17,1.6,62.8440411874158,NaN
59153.39,59155.24,1.86,66.8490450818073,NaN
59166.56,59168.34,1.79,61.6699715810893,NaN
59188.93,59190.79,1.87,60.3133104340562,NaN
59191.49,59193.32,1.84,57.4441819832528,NaN
59193.86,59195.65,1.8,56.5892119716601,NaN
59205.4,59206.37,0.98,31.5768327822176,NaN
59206.53,59207.61,1.09,47.0439976910057,NaN
59277.82,59279.69,1.88,60.740105563499,NaN
59280.33,59282.15,1.83,47.4399806234345,NaN
59300.84,59301.69,0.86,49.2551996484436,NaN
59310.5,59311.49,1,58.2467599978528,NaN
59335.63,59336.59,0.97,27.0971820111532,NaN
59392.09,59393.22,1.14,54.9768354378269,NaN
59427.03,59428.81,1.79,56.8299030805027,NaN
59467.48,59469.35,1.88,62.9654165329824,NaN
59507.52,59509.35,1.84,65.3565378223071,NaN
59518.88,59519.37,0.5,20.4445557871131,NaN
59521.37,59522.36,1,28.9227537120235,NaN
59537.29,59538.17,0.89,20.8379426366783,NaN
59546.53,59548.36,1.84,73.551719792665,NaN
59549.02,59550.88,1.87,58.2023215589303,NaN
59579.33,59581.2,1.88,60.7123587278779,NaN
59595.36,59597.25,1.9,60.7842932181149,NaN
59607.65,59609.5,1.86,58.1308528843199,NaN
59609.82,59611.64,1.83,52.914313763555,NaN
59614.02,59615.68,1.67,53.2122209122608,NaN
59616.32,59618.17,1.86,51.9903071480643,NaN
59629.8,59631.63,1.84,49.3338110660771,NaN
59656.52,59658.4,1.89,60.0847930110205,NaN
59662.36,59664,1.65,61.4622683780131,NaN
59667.81,59668.65,0.85,22.2952285965893,NaN
59684.53,59686.36,1.84,59.4553301783566,NaN
59709.07,59710.91,1.85,58.6751543854569,NaN
59730.16,59732.06,1.91,69.304773637311,NaN
59735.14,59737.02,1.89,59.5659160999744,NaN
59801.5,59803.37,1.88,58.5579028702511,NaN
59805.06,59806.91,1.86,64.1331864664675,NaN
59828.96,59830.01,1.06,69.0344541994395,NaN
59833.83,59835.73,1.91,59.6161003942598,NaN
59857.75,59859.65,1.91,65.0090482262283,NaN
59898.76,59900.59,1.84,55.68666464335,NaN
59900.92,59902.72,1.81,52.4887199358548,NaN
59938.81,59940.55,1.75,52.6625415727919,NaN
59943.63,59945.45,1.83,63.0625947206251,NaN
59952.21,59954.04,1.84,67.0834857427878,NaN
60018.17,60019.55,1.39,56.8782435274604,NaN
60021.45,60023.12,1.68,64.6395177672514,NaN
60054.96,60056.74,1.79,53.8943758787358,NaN
60077.56,60079.37,1.82,61.5969598615883,NaN
60086.34,60088.09,1.76,77.5151714860275,NaN
60119.98,60121.14,1.17,75.6702883055895,NaN
60123.06,60124.2,1.15,53.4710002775553,NaN
60134.93,60135.74,0.82,42.4685186955253,NaN
60138.17,60140.06,1.9,66.0166333865366,NaN
60149.12,60150.93,1.82,54.9852346682999,NaN
60190.49,60192.12,1.64,61.492700999112,NaN
60219.8,60220.79,1,34.973451758362,NaN
60227.15,60227.97,0.83,18.0539698960932,NaN
60247.07,60247.79,0.73,16.4198288224654,NaN
60247.91,60249.11,1.21,65.6023078469265,NaN
60280.59,60282.34,1.76,73.1354553656607,NaN
60303.59,60305.24,1.66,64.2777651732918,NaN
60306.32,60307.69,1.38,57.5473211852942,NaN
60311.81,60313.23,1.43,70.6639200537306,NaN
60318.48,60320.36,1.89,61.0801934989355,NaN
60321.85,60323.65,1.81,57.1426944713925,NaN
60336.53,60338.38,1.86,57.4244226162576,NaN
60365.9,60367.76,1.87,60.9521769757832,NaN
60369.07,60370.61,1.55,56.1199065514639,NaN
60375.97,60377.76,1.8,61.1243042237248,NaN
60380.35,60382.16,1.82,66.2659966725835,NaN
60388.99,60389.94,0.96,26.6878331088346,NaN
60391.31,60393.16,1.86,57.71091372807,NaN
60437.33,60437.96,0.64,22.9902138925131,NaN
60460.54,60462.34,1.81,67.5605797549987,NaN
60472.71,60474.54,1.84,54.1549232663038,NaN
60475.6,60476.72,1.13,66.3106787719453,NaN
60488.14,60489.93,1.8,68.0820216839907,NaN
60509.47,60511.35,1.89,57.0093347647389,NaN
60518.7,60520.56,1.87,59.6779172016795,NaN
60560.88,60562.04,1.17,59.4824453968819,NaN
60562.45,60563.05,0.61,32.0808472217391,NaN
60596.96,60598.47,1.52,65.5008453891806,NaN
60599.85,60601.74,1.9,62.932400755979,NaN
60608.08,60609.65,1.58,56.0037130974552,NaN
60611.85,60613.37,1.53,58.4974660989103,NaN
60643.71,60644.32,0.62,13.6488959784773,NaN
60671.51,60673.35,1.85,63.4351228400205,NaN
60679.04,60679.55,0.52,11.5370539802719,NaN
60694.65,60695.8,1.16,56.8718947253363,NaN
60699.94,60701.06,1.13,65.1081095125824,NaN
60774.94,60775.95,1.02,46.4131248284862,NaN
60791.54,60793.14,1.61,76.0310149758428,NaN
60816.4,60818.25,1.86,64.3222331378378,NaN
60818.5,60820.33,1.84,63.565864177021,NaN
60826.87,60828.76,1.9,66.612881261331,NaN
60878.3,60879.88,1.59,59.0417574463288,NaN
60890.68,60891.45,0.78,29.9806668826961,NaN
60891.63,60892.89,1.27,63.8141926132766,NaN
60911.44,60913.2,1.77,49.6976578290744,NaN
60951.89,60953.69,1.81,61.0877576460757,NaN
60982.33,60984.06,1.74,61.1531914680915,NaN
60985.72,60987.41,1.7,61.6872708369855,NaN
60998.01,60999.83,1.83,57.6756484776217,NaN
61002.53,61004.38,1.86,57.7477469877713,NaN
61015.01,61016.86,1.86,64.2612938656489,NaN
61017.44,61019.3,1.87,61.5844942026184,NaN
61038.03,61039.64,1.62,64.2870456295886,NaN
61045.66,61047.42,1.77,55.7958993226643,NaN
61048.37,61050.13,1.77,54.6414467281987,NaN
61075.34,61075.92,0.59,11.9540068158042,NaN
61079.02,61080.84,1.83,62.1039257668782,NaN
61096.89,61098.72,1.84,60.8754027843706,NaN
61111.13,61112.91,1.79,68.0444318954909,NaN
61119.44,61121.05,1.62,60.7330167796065,NaN
61131.67,61133.51,1.85,53.5009659347981,NaN
61166.93,61168.41,1.49,67.8749463373945,NaN
61185.89,61187.78,1.9,65.3319764356189,NaN
61199.73,61201.6,1.88,61.9875200710996,NaN
61216.82,61218.62,1.81,59.9576988386813,NaN
61219.72,61221.64,1.93,68.6232708993537,NaN
61246.98,61248.45,1.48,65.9092785680573,NaN
61274.75,61276.56,1.82,51.8011176045988,NaN
61279.22,61281.08,1.87,61.0221064113691,NaN
61282.57,61284.42,1.86,57.8935155699468,NaN
61304.45,61306.36,1.92,56.1684057561113,NaN
61308.11,61309.97,1.87,58.9954213400085,NaN
61325.92,61327.81,1.9,56.1604252122483,NaN
61336.62,61338.35,1.74,69.6741314951271,NaN
61338.95,61340.85,1.91,68.5030123273207,NaN
61643.25,61645.11,1.87,67.0953367565023,NaN
61678.55,61680.16,1.62,50.8697924421636,NaN
61776.92,61778.79,1.88,59.4518531159071,NaN
61780.04,61781.58,1.55,62.3063823189176,NaN
61948.76,61949.7,0.95,48.1214298822535,NaN
61979.35,61980.93,1.59,68.4260926829402,NaN
62012.76,62013.72,0.97,43.3605153891018,NaN
62027.91,62028.67,0.77,43.7430076825564,NaN
62058.94,62059.6,0.67,48.5216003699711,NaN
62133.38,62135.16,1.79,64.5182870514783,NaN
62159.65,62161.53,1.89,58.6291167260633,NaN
62185.77,62187.69,1.93,62.9187347866272,NaN
62191.79,62192.38,0.6,23.8547711297443,NaN
62192.72,62193.85,1.14,56.7621814111311,NaN
62233.14,62234.75,1.62,68.8422726908237,NaN
62279.34,62280.16,0.83,23.3671844757945,NaN
62283.21,62285.09,1.89,70.6504049462929,NaN
62328.24,62330.09,1.86,62.5752491242964,NaN
62361.11,62362.1,1,33.4523204433738,NaN
62370.28,62372.12,1.85,67.1671748911143,NaN
62373.92,62374.65,0.74,11.9975639959004,NaN
62389.61,62391.47,1.87,58.2128999482467,NaN
62401.45,62403.32,1.88,55.651874726465,NaN
62418.43,62419.34,0.92,19.2175023693005,NaN
62419.52,62421.36,1.85,60.5258204442217,NaN
62427.83,62429.63,1.81,55.835686931911,NaN
62438.04,62439.94,1.91,70.9031355614206,NaN
62488.4,62490.18,1.79,51.7152146030081,NaN
62548.22,62549.21,1,24.9563943318993,NaN
62550.08,62551.66,1.59,54.6804643795375,NaN
62714.11,62715.38,1.28,60.4243401791832,NaN
62717.87,62719.67,1.81,56.762995515482,NaN
62727.19,62729.05,1.87,56.7357139808959,NaN
62739.13,62740.92,1.8,59.1870148020804,NaN
62743.86,62745,1.15,49.1928085308879,NaN
62745.04,62745.94,0.91,31.8734618307822,NaN
62751.32,62753.18,1.87,55.4209158794166,NaN
62778.6,62780.45,1.86,66.9831931378764,NaN
62780.99,62782.86,1.88,67.181622354119,NaN
62783.69,62785.59,1.91,65.2232617261891,NaN
62810.69,62812.47,1.79,61.9056545645849,NaN
62815.36,62816.62,1.27,54.8317538965728,NaN
62822.31,62824.15,1.85,62.0144706599629,NaN
62858.6,62859.43,0.84,41.7309618169804,NaN
62874.82,62876.3,1.49,58.2672076474138,NaN
62883.13,62884.99,1.87,56.0073978210714,NaN
62915.1,62915.8,0.71,13.2406048019111,NaN
62925.44,62927.3,1.87,68.5381253101391,NaN
62927.55,62929.37,1.83,56.1797597223479,NaN
62931.69,62933.01,1.33,61.7455084378128,NaN
62933.14,62933.73,0.6,19.4783265102896,NaN
62948.46,62950.31,1.86,66.3119854145596,NaN
62961.13,62962.94,1.82,43.7610440832237,NaN
62967.98,62969.82,1.85,53.8294140072344,NaN
62988.45,62989.38,0.94,40.3125331004267,NaN
63011.76,63013.55,1.8,64.0246168498422,NaN
63023.51,63025.06,1.56,55.7734140688019,NaN
63038.83,63040.61,1.79,65.6845865812539,NaN
63044.69,63046.48,1.8,64.7693280952927,NaN
63150.01,63151.86,1.86,63.7849274783923,NaN
63168.27,63170.11,1.85,62.2832556445325,NaN
63172,63173.89,1.9,69.9007309836741,NaN
63185.5,63187.31,1.82,60.541055915212,NaN
63202.09,63203.89,1.81,58.3786897537619,NaN
63209.03,63210.87,1.85,57.0786729649958,NaN
63224.04,63225.89,1.86,61.1894372244407,NaN
63249.78,63250.57,0.8,19.0548373551916,NaN
63267.14,63267.96,0.83,27.4827625625929,NaN
63268.19,63269.24,1.06,59.3436732992268,NaN
63303.79,63305.67,1.89,60.4012252356381,NaN
63309.39,63311.24,1.86,68.5517564201169,NaN
63327.27,63328.22,0.96,20.0113272930841,NaN
63368.66,63370.45,1.8,64.7037813209911,NaN
63379.59,63381.51,1.93,64.0345055369993,NaN
63384.06,63385.89,1.84,57.522462874132,NaN
63401.35,63403.14,1.8,63.0163317718281,NaN
63416.36,63418.17,1.82,64.7001602818034,NaN
63424.44,63426.29,1.86,58.0962657237392,NaN
63453.07,63454.96,1.9,63.1241859646833,NaN
63463.7,63465.55,1.86,60.941224415315,NaN
63754.54,63756.43,1.9,63.9238846769516,NaN
63811.28,63812.18,0.91,16.9046817384774,NaN
63817.1,63818.43,1.34,59.6031549157669,NaN
63819.15,63820.37,1.23,68.5092953660461,NaN
63821.48,63822.84,1.37,71.8095951042791,NaN
63824.75,63825.65,0.91,32.5560686395759,NaN
63856.92,63858.63,1.72,68.107740913375,NaN
63886.07,63887.87,1.81,64.9153401978485,NaN
63889.32,63891.21,1.9,60.2648413279088,NaN
63934.72,63935.22,0.51,20.3683748846521,NaN
63960.29,63961.61,1.33,65.6067188336014,NaN
64016.34,64018.2,1.87,64.5848093777931,NaN
64030,64031.53,1.54,51.8911532078748,NaN
64032.27,64033.88,1.62,62.037208103187,NaN
64040.58,64041.61,1.04,53.7752568064501,NaN
64060.45,64060.98,0.54,17.8312398907161,NaN
64095.79,64097.67,1.89,69.1222676598572,NaN
64194.96,64196.33,1.38,61.6135988121434,NaN
64197.31,64199.03,1.73,59.4274824755922,NaN
64222.67,64224.57,1.91,62.1016204033761,NaN
64225.2,64227.09,1.9,68.0692208626521,NaN
64238.31,64240.1,1.8,71.0184091711872,NaN
64251.5,64253.35,1.86,67.5479642740293,NaN
64254.04,64255.9,1.87,56.8453871590525,NaN
64259.67,64261.56,1.9,58.4042053654743,NaN
64283.2,64285.08,1.89,74.4520676826004,NaN
64290.19,64291.9,1.72,69.7451856812444,NaN
64301.19,64303,1.82,57.1740473773086,NaN
64312.25,64313.99,1.75,66.2685761644547,NaN
64320.9,64322.73,1.84,56.7844461374062,NaN
64355.8,64357.65,1.86,67.4060728094739,NaN
64381.11,64383.05,1.95,77.2255942008947,NaN
64389.75,64391.64,1.9,56.0684227385456,NaN
64399.06,64400.68,1.63,72.0715321713795,NaN
64421.51,64423.43,1.93,72.0601739681144,NaN
64430.52,64432.39,1.88,69.5165689705655,NaN
64433.13,64434.77,1.65,74.3829181879322,NaN
64451.03,64451.72,0.7,22.8722754898865,NaN
64461.73,64463.64,1.92,65.769507749735,NaN
64489.48,64490.07,0.6,24.0498702315731,NaN
64492.77,64493.63,0.87,18.9366874404413,NaN
64502.27,64503.97,1.71,69.5508060280174,NaN
64551.04,64552.8,1.77,66.9670547810549,NaN
64553.97,64555.89,1.93,64.0260348640089,NaN
64563.97,64565.81,1.85,55.6738449992696,NaN
64619.17,64621.06,1.9,69.1579454544363,NaN
64622.08,64623.96,1.89,60.0654390124993,NaN
64647.62,64649.45,1.84,60.2357871646393,NaN
64655.88,64657.44,1.57,65.2462303837943,NaN
64658.94,64660.28,1.35,69.0516517903182,NaN
64662.28,64663.18,0.91,15.6687507495896,NaN
64684.69,64686.53,1.85,58.0343925677023,NaN
64692.6,64694.45,1.86,73.2838801800876,NaN
64721.59,64723.42,1.84,66.1284880931726,NaN
64732.49,64734.38,1.9,56.8985201053743,NaN
64735.64,64737.53,1.9,66.4605154705188,NaN
64768.75,64769.93,1.19,66.8419749867303,NaN
64772.06,64772.83,0.78,22.7654156339379,NaN
64774.41,64776.15,1.75,59.2060608800927,NaN
64787.45,64788.31,0.87,26.2032875843786,NaN
64813.55,64815.35,1.81,67.4082919990889,NaN
64834.24,64836.14,1.91,70.5944671572563,NaN
64837.54,64839.39,1.86,65.9044616554874,NaN
64841.24,64842.56,1.33,67.0646162750094,NaN
64890.09,64890.86,0.78,17.426874833535,NaN
64891.06,64892.3,1.25,67.4461199015156,NaN
64905.43,64907.29,1.87,69.9196051605179,NaN
64937.43,64939.22,1.8,62.9332248144637,NaN
64974.33,64975.61,1.29,57.5979213310025,NaN
65043.11,65044.81,1.71,76.4376576577294,NaN
65081.64,65083.46,1.83,65.8328096747839,NaN
65097.23,65098.81,1.59,65.3485084697258,NaN
65140.91,65142.81,1.91,62.9310033191082,NaN
65143.25,65145.1,1.86,64.6391843142811,NaN
65146.99,65148.73,1.75,67.0980862457465,NaN
65149.49,65151.28,1.8,73.9776326641265,NaN
65152.31,65154.16,1.86,68.7559295645337,NaN
65155.37,65157.23,1.87,67.6489149494374,NaN
65159.55,65161.37,1.83,69.1514203597894,NaN
65172.07,65173.93,1.87,61.5140285696896,NaN
65184.63,65185.54,0.92,38.8385260579242,NaN
65185.89,65187.66,1.78,49.6215807297865,NaN
65205.05,65206.93,1.89,63.7314539254495,NaN
65221.64,65222.22,0.59,22.491297185335,NaN
65222.32,65223.67,1.36,64.866417729296,NaN
65234.81,65236.64,1.84,55.1671792713044,NaN
65245.28,65247.12,1.85,65.5146632254367,NaN
65252.69,65253.35,0.67,19.4990999116398,NaN
65253.58,65254.77,1.2,63.85219326613,NaN
65311.07,65312,0.94,42.5646692876562,NaN
65351.94,65353.16,1.23,63.0131521111318,NaN
65384.05,65384.66,0.62,23.3193578051075,NaN
65413.88,65415.58,1.71,67.1057627430235,NaN
65474.17,65475.01,0.85,11.3348598279893,NaN
65476.66,65478.49,1.84,58.2466536061708,NaN
65495.77,65497.61,1.85,50.8213204028507,NaN
65504.87,65506.15,1.29,70.1355243056844,NaN
65508.8,65510.29,1.5,69.0567582367128,NaN
65511.65,65513.07,1.43,72.9846887119081,NaN
65524.26,65525.56,1.31,60.5978925502153,NaN
65532.95,65534.17,1.23,62.6977791088708,NaN
65538.22,65539.58,1.37,63.9063914198624,NaN
65557.68,65559.2,1.53,57.8468835401172,NaN
65584.25,65584.75,0.51,17.2077092037144,NaN
65587.91,65588.92,1.02,27.323628685582,NaN
65603.11,65603.79,0.69,23.5943770256156,NaN
65671.35,65673.21,1.87,62.5018606906488,NaN
65673.51,65674.43,0.93,65.0422468919663,NaN
65686.49,65688.3,1.82,68.4316214145541,NaN
65702.7,65704.44,1.75,61.5139993019942,NaN
65709.69,65711.44,1.76,63.2355004324361,NaN
65741.74,65743.62,1.89,63.5555190110655,NaN
65743.9,65744.4,0.51,28.1169785480833,NaN
65744.93,65746.02,1.1,61.285904834712,NaN
65758.06,65759.94,1.89,59.9706925665788,NaN
65768,65769.85,1.86,57.4968276603205,NaN
65777.29,65779.14,1.86,65.1351537158937,NaN
65779.87,65781.61,1.75,69.6600538959501,NaN
65782.33,65784.21,1.89,65.9420033872093,NaN
65790.61,65791.27,0.67,24.5592586873364,NaN
65795.22,65795.95,0.74,10.9859829709418,NaN
65796.01,65797.85,1.85,65.3796984476309,NaN
65797.95,65799.54,1.6,64.3791623962771,NaN
65812.38,65813.81,1.44,64.4076463951666,NaN
65823.19,65824.1,0.92,30.604606782813,NaN
65980.62,65982.46,1.85,63.0309332690579,NaN
65985.69,65987.55,1.87,64.0135029667242,NaN
66015.63,66016.47,0.85,27.6273344157216,NaN
66054.45,66056.32,1.88,55.3687743091752,NaN
66077.81,66079.66,1.86,60.4378033562294,NaN
66101.1,66102.67,1.58,69.1982131848126,NaN
66103.95,66105.85,1.91,69.8106534749809,NaN
66152.51,66154.29,1.79,71.6569847882301,NaN
66160.17,66161.94,1.78,73.511943896849,NaN
66163.14,66164.92,1.79,73.0453605018241,NaN
66177.14,66178.77,1.64,70.0281702988239,NaN
66184.41,66185.99,1.59,58.9348140974417,NaN
66229.07,66230.87,1.81,67.3258023077595,NaN
66235.48,66236.87,1.4,54.4644597696883,NaN
66253.17,66255,1.84,63.5406883109344,NaN
66350.88,66351.87,1,51.6810852247429,NaN
66453.32,66455.12,1.81,69.2819820558629,NaN
66463.35,66464.35,1.01,30.0445087296931,NaN
66582.58,66583.21,0.64,21.5164211919256,NaN
66601.02,66602.7,1.69,63.701294798298,NaN
66616.94,66618.8,1.87,68.8865713064417,NaN
66708.68,66710.54,1.87,57.506970798291,NaN
66723.47,66725.37,1.91,64.8012552936947,NaN
66725.99,66727.83,1.85,55.1407392994024,NaN
66734.48,66735.38,0.91,22.8607427482008,NaN
66736.17,66737.92,1.76,64.851819202782,NaN
66744.89,66745.82,0.94,9.52531747549863,NaN
66759.47,66760.35,0.89,23.7966665752494,NaN
66765.95,66767.67,1.73,66.8526933302778,NaN
66778.52,66779.79,1.28,68.0510652397894,NaN
66828.94,66829.96,1.03,62.193469174374,NaN
66860.01,66861.92,1.92,59.0625342948714,NaN
66872.86,66873.56,0.71,24.5683798374267,NaN
66881.16,66881.78,0.63,14.8658716026468,NaN
66888.97,66890.81,1.85,61.4510828946272,NaN
66891.14,66892.94,1.81,54.8635616005471,NaN
66923.96,66924.52,0.57,23.7409476520838,NaN
66932.54,66933.37,0.84,14.7444906005212,NaN
66935.98,66937.36,1.39,65.6598889217328,NaN
66954.1,66955.01,0.92,52.6732287113103,NaN
66960.17,66961.33,1.17,59.9990783526449,NaN
66964.24,66964.91,0.68,11.780500964465,NaN
66990.02,66991.63,1.62,72.9968986390489,NaN
66992.52,66994.38,1.87,62.535248383772,NaN
67026.03,67027.34,1.32,63.3559759011773,NaN
67034.48,67035.81,1.34,63.0809058111579,NaN
67036.56,67038.36,1.81,65.5718849213942,NaN
67100.94,67102.21,1.28,64.9948310439504,NaN
67137.45,67138.26,0.82,19.4422324105846,NaN
67147.04,67148.5,1.47,67.4407948874124,NaN
67154.82,67155.62,0.81,15.8650166834056,NaN
67164.95,67166.02,1.08,60.3904327238289,NaN
67173.97,67175.89,1.93,65.2970610513826,NaN
67247.7,67248.51,0.82,17.9533147625997,NaN
67269.13,67271.04,1.92,75.6122003765404,NaN
67275.15,67276.68,1.54,75.4342765401262,NaN
67298.87,67300.34,1.48,61.581731842096,NaN
67410.37,67411.77,1.41,64.7929152378787,NaN
67434.95,67436.73,1.79,57.3508467652834,NaN
67453.46,67455.32,1.87,64.8919685425244,NaN
67479.29,67480.11,0.83,30.3337796682769,NaN
67506.07,67507.13,1.07,56.3111602494489,NaN
67514.16,67515.94,1.79,57.2976096103781,NaN
67524.27,67526.17,1.91,57.9353824660746,NaN
67530.68,67532.2,1.53,60.2547300049238,NaN
67542.1,67543.91,1.82,61.8781195593701,NaN
67568.23,67569.76,1.54,53.4040170727024,NaN
67647.13,67649,1.88,66.4075752126652,NaN
67674.08,67674.74,0.67,23.0991033054758,NaN
67691.63,67692.87,1.25,67.158245584452,NaN
67711.44,67711.96,0.53,32.5664472414347,NaN
67713.68,67715.54,1.87,51.3838382520117,NaN
67720.21,67721.99,1.79,65.6292128058303,NaN
67734.42,67736.24,1.83,62.6561868560101,NaN
67790.69,67792.52,1.84,57.4089777806934,NaN
67840.24,67842,1.77,69.8548995943623,NaN
67843.21,67845.02,1.82,59.7595416760666,NaN
67851.51,67852.88,1.38,62.163461216175,NaN
67853.48,67855.27,1.8,64.0106403049766,NaN
67927.18,67929.05,1.88,51.7475919078433,NaN
67930.74,67931.96,1.23,56.6476510586145,NaN
67978.42,67979.07,0.66,15.885096287026,NaN
67995.15,67996.96,1.82,56.5809988487016,NaN
68020.83,68021.98,1.16,67.4819652182506,NaN
68033.93,68035.76,1.84,74.8513239973785,NaN
68131.3,68133.11,1.82,53.2153958545737,NaN
68155.63,68157.41,1.79,61.975586726346,NaN
68160.42,68162.22,1.81,60.5776950270292,NaN
68211.56,68212.91,1.36,55.0589654839677,NaN
68233.68,68234.57,0.9,18.2522259195171,NaN
68234.92,68235.79,0.88,30.0482177056854,NaN
68252.09,68252.58,0.5,11.999985131042,NaN
68287.04,68288.84,1.81,65.5072383003183,NaN
68290.53,68292,1.48,57.4595176687999,NaN
68316.44,68318.26,1.83,62.346465280088,NaN
68333.48,68334.55,1.08,65.7365740763422,NaN
68407.29,68407.94,0.66,13.1659285759763,NaN
68473.75,68474.44,0.7,16.1805601836129,NaN
68477.18,68479.05,1.88,59.7908759153177,NaN
68494.52,68495.79,1.28,54.2731579373924,NaN
68506.34,68507.97,1.64,56.9706796079411,NaN
68627.8,68629.69,1.9,57.6305949869976,NaN
68656.23,68657.16,0.94,23.2650935153919,NaN
68699.85,68701.71,1.87,62.5094446939292,NaN
68703.21,68705.02,1.82,55.7792519854944,NaN
68709.54,68711.39,1.86,57.7066955419183,NaN
68725.45,68726.51,1.07,55.3674925916227,NaN
68747.37,68749.22,1.86,64.2715351840773,NaN
68750.03,68750.89,0.87,19.8930668187439,NaN
68760.3,68761.52,1.23,56.9880689978039,NaN
68771.12,68772.92,1.81,52.1653877746533,NaN
68796.28,68796.77,0.5,18.0476504030698,NaN
68797,68798.38,1.39,59.6516164595643,NaN
68807.32,68808.39,1.08,61.4750263343702,NaN
68815.88,68816.83,0.96,19.306698321272,NaN
68823.85,68824.71,0.87,11.0367948779579,NaN
68906.05,68907.9,1.86,66.7534483081504,NaN
68931.08,68932.91,1.84,63.0797721251004,NaN
68935.06,68936.03,0.98,33.2652741318793,NaN
68942.08,68942.59,0.52,18.0653147764922,NaN
68964.3,68965,0.71,23.7027278036685,NaN
68983.98,68984.74,0.77,27.1590930811685,NaN
69008.95,69009.64,0.7,19.1952275573236,NaN
69082.96,69083.51,0.56,27.1443744419672,NaN
69088.09,69088.79,0.71,46.2155859394052,NaN
69089.33,69090.23,0.91,29.8783163269577,NaN
69117.95,69118.46,0.52,21.0143271138919,NaN
69167.94,69168.82,0.89,24.3500420679343,NaN
69190.42,69191.31,0.9,21.8247105127729,NaN
69196.12,69196.74,0.63,19.1208927251835,NaN
69203.68,69204.57,0.9,21.2022881742428,NaN
69218.26,69219.67,1.42,63.4690417355651,NaN
69234,69235.61,1.62,64.3598050094391,NaN
69236.32,69238.14,1.83,53.9671265291899,NaN
69306.5,69308.28,1.79,72.8585941136968,NaN
69344.41,69345.71,1.31,63.8643792120352,NaN
69367.17,69368.97,1.81,57.6283076821081,NaN
69369.34,69371.23,1.9,61.3139516416172,NaN
69374.88,69376.12,1.25,59.4363062276638,NaN
69376.34,69376.98,0.65,15.9986059673796,NaN
69381.23,69382.13,0.91,18.6034803683704,NaN
69384.84,69385.4,0.57,39.334320766741,NaN
69386.06,69387.4,1.35,56.7707462600859,NaN
69395.92,69397.74,1.83,58.9111768575867,NaN
69410.33,69411.92,1.6,61.9867181744335,NaN
69413.86,69415.7,1.85,62.945960704711,NaN
69420.9,69421.81,0.92,20.6243152569933,NaN
69446.56,69448.35,1.8,61.1659627890997,NaN
69451.28,69452.83,1.56,57.9962644178879,NaN
69556.6,69557.55,0.96,49.3315435669229,NaN
69557.88,69558.74,0.87,14.8488656836823,NaN
69569.03,69570.37,1.35,68.2848113584283,NaN
69587.69,69589.53,1.85,61.0915310107869,NaN
69599.85,69600.44,0.6,15.1190122939782,NaN
69611.74,69612.31,0.58,23.2408112094767,NaN
69614.84,69616.07,1.24,60.6089939744229,NaN
69619.33,69620.91,1.59,51.4745187209252,NaN
69632.89,69633.64,0.76,19.0105223798718,NaN
69634.01,69635.08,1.08,60.614160173336,NaN
69654.81,69655.38,0.58,6.84993246238528,NaN
69655.78,69656.9,1.13,61.0038348930896,NaN
69662.6,69664.06,1.47,66.3598989001742,NaN
69669.79,69670.68,0.9,20.5949494452619,NaN
69670.85,69671.97,1.13,65.1587810888869,NaN
69672.13,69673.06,0.94,21.4539275489948,NaN
69673.14,69674.36,1.23,70.2308909734169,NaN
69676.2,69677.74,1.55,68.1766390342483,NaN
69683.97,69684.82,0.86,23.0753645090984,NaN
69685.01,69686.13,1.13,64.3989090269983,NaN
69686.44,69687.18,0.75,23.9464025257532,NaN
69695.19,69696.8,1.62,67.5900458232532,NaN
69701.42,69702.71,1.3,52.3900407221103,NaN
69703.15,69704.63,1.49,60.3035915193901,NaN
69710.71,69712.53,1.83,63.4197002667397,NaN
69733.28,69735.07,1.8,63.8602711787305,NaN
69769.36,69771.21,1.86,52.7741365082485,NaN
69774.73,69776.31,1.59,66.3695708451697,NaN
69794.57,69795.08,0.52,12.0225425281353,NaN
69795.32,69796.67,1.36,66.0904677007833,NaN
69800.87,69801.74,0.88,16.5336549283137,NaN
69802.31,69803.04,0.74,27.3046173510001,NaN
69809.04,69810.33,1.3,67.4039436119537,NaN
69814.49,69815.23,0.75,21.8554445421159,NaN
69817.53,69818.21,0.69,21.8335924085977,NaN
69818.8,69819.63,0.84,30.7102318707708,NaN
69819.76,69820.92,1.17,59.2112970360273,NaN
69839.27,69840.34,1.08,60.3172716798339,NaN
69840.4,69841.49,1.1,71.4605289440431,NaN
69850.6,69852.18,1.59,61.3856993790387,NaN
69871.68,69872.27,0.6,22.6057693658703,NaN
69887.57,69888.81,1.25,59.553316934272,NaN
69938.32,69939.98,1.67,72.812232576511,NaN
69950.01,69951.28,1.28,44.6862451514965,NaN
69997.29,69998.89,1.61,68.920421067615,NaN
70054.98,70055.62,0.65,26.0093702430197,NaN
70099.55,70101.33,1.79,61.1644756177623,NaN
70168.66,70169.96,1.31,58.0203793960988,NaN
70219.4,70220.95,1.56,63.6333970558267,NaN
70227.76,70228.97,1.22,62.9865499812766,NaN
70229.5,70230.25,0.76,34.34432347762,NaN
70592.99,70594.84,1.86,60.845547014964,NaN
70634.48,70635.21,0.74,30.2464274830696,NaN
70641.49,70642.32,0.84,34.4494201099334,NaN
70676.79,70678.52,1.74,67.6752071965905,NaN
70728.12,70729.99,1.88,71.0325443612294,NaN
70779.8,70780.52,0.73,24.3606652566028,NaN
70780.99,70781.87,0.89,27.805962279945,NaN
70784.67,70786.51,1.85,57.7377859455321,NaN
70789.63,70790.55,0.93,25.471602087394,NaN
70824.02,70825.83,1.82,52.0902580072961,NaN
70840.29,70842.15,1.87,62.3669411180794,NaN
70873.13,70873.65,0.53,19.7494663857944,NaN
70874.01,70875.17,1.17,70.7337189131951,NaN
70882.7,70884.58,1.89,56.7405546833077,NaN
70906.47,70907.87,1.41,62.2929917182632,NaN
70931.73,70933.54,1.82,49.808237671255,NaN
70959.02,70960.87,1.86,54.0654913886119,NaN
70992.61,70993.23,0.63,15.7645563467656,NaN
71037.23,71037.97,0.75,43.6414134402955,NaN
71050.02,71050.95,0.94,32.2894957064149,NaN
71199.82,71201,1.19,48.9060274049098,NaN
71256.87,71258.64,1.78,55.8471823901939,NaN
71294.21,71295.98,1.78,61.1387069306007,NaN
71318.08,71318.91,0.84,48.9845234222139,NaN
71587.19,71588.52,1.34,80.1672190417232,NaN
71684.49,71686.27,1.79,57.9829642749249,NaN
71707.36,71709.22,1.87,64.0633113658728,NaN
71730.39,71732.27,1.89,63.8161315837706,NaN
71747.47,71749.34,1.88,62.8466392587467,NaN
71749.79,71751.66,1.88,56.8199338672419,NaN
71752.87,71754.67,1.81,55.2785974653724,NaN
71801.7,71802.35,0.66,18.1915349027601,NaN
71803.05,71803.75,0.71,23.102807065655,NaN
71919.41,71921.3,1.9,62.3400855845615,NaN
71965.01,71966.83,1.83,48.7097985455229,NaN
71973.92,71975.8,1.89,53.9334757870112,NaN
72008.21,72010.07,1.87,52.6958509767891,NaN
72064.04,72065.87,1.84,52.5913065445684,NaN
72069.6,72071.18,1.59,63.3289564991407,NaN
72216.39,72217.19,0.81,23.2094392093064,NaN
72242.29,72244.11,1.83,59.4322040034193,NaN
72292.91,72293.97,1.07,41.2912000915839,NaN
72294.22,72295.15,0.94,25.8995736113602,NaN
72323.22,72325,1.79,55.2871940456023,NaN
72334.88,72335.55,0.68,28.4090011560377,NaN
72346.44,72347.56,1.13,60.6892208386831,NaN
72347.62,72348.75,1.14,68.434912960677,NaN
72348.8,72349.88,1.09,51.5748362904722,NaN
72458.46,72459.12,0.67,20.7312066464195,NaN
72474.94,72475.54,0.61,15.9628132099911,NaN
72497.98,72499.5,1.53,67.3847553192664,NaN
72521.38,72522.21,0.84,19.7571218766171,NaN
72522.8,72523.46,0.67,23.7477866230643,NaN
72570.92,72572.69,1.78,52.9033682445629,NaN
72637.41,72639.3,1.9,66.1649422383794,NaN
72680.23,72682.04,1.82,61.2431560827589,NaN
72732.2,72732.86,0.67,12.5130441589964,NaN
72740.27,72741.24,0.98,23.3041439006057,NaN
72813.1,72813.96,0.87,21.514427138219,NaN
72817.02,72817.64,0.63,19.1683969955072,NaN
72903.07,72904.38,1.32,67.9388260414137,NaN
72919.86,72921.45,1.6,61.9483750661668,NaN
72961.95,72963.74,1.8,48.8325146852549,NaN
73050.16,73051.94,1.79,51.3794000062118,NaN
73177.18,73179.07,1.9,50.16155545488,NaN
73221.98,73223.79,1.82,56.4391769927472,NaN
73259.8,73261.67,1.88,55.9576455446499,NaN
73307.89,73309.7,1.82,59.021039974661,NaN
73347.07,73348.01,0.95,21.8085073863408,NaN
73374.84,73375.89,1.06,41.9643161853647,NaN
73387.5,73389.37,1.88,72.7087751215789,NaN
73510.3,73512.13,1.84,59.6451084397687,NaN
73559.06,73560.95,1.9,58.2196104110267,NaN
73632.43,73634.22,1.8,68.2609054966226,NaN
73635.1,73636.96,1.87,64.4927334032097,NaN
73638.05,73639.89,1.85,55.6790378434202,NaN
73640.43,73642.29,1.87,61.3276225465004,NaN
73643.01,73644.85,1.85,57.5251912242231,NaN
73649.82,73651.69,1.88,64.0351758496735,NaN
73664.8,73666.64,1.85,57.8609257898,NaN
73668.88,73670.78,1.91,70.5015848006922,NaN
73674.93,73676.68,1.76,60.4494593193642,NaN
73677.75,73679.61,1.87,58.717597141071,NaN
73727.6,73729.43,1.84,62.8383307506543,NaN
73737.36,73739.24,1.89,60.3431336225901,NaN
73793.87,73794.75,0.89,30.2586672549793,NaN
73867.48,73869.27,1.8,61.320512502141,NaN
73892.03,73893.55,1.53,65.49958186876,NaN
73894.15,73894.85,0.71,15.6555141397152,NaN
73923.67,73925.47,1.81,69.6898466534423,NaN
73943.43,73945.3,1.88,55.6691111764963,NaN
73952.91,73954.69,1.79,57.8118946903974,NaN
73994.67,73996.55,1.89,63.2498072799653,NaN
74128.08,74129.97,1.9,51.2363247438313,NaN
74287.21,74288.35,1.15,69.6464814379266,NaN
74299.92,74301.21,1.3,49.5820881900894,NaN
74394.52,74395.03,0.52,29.7404220860453,NaN
74404.08,74404.59,0.52,23.5137800903989,NaN
74407.91,74408.58,0.68,29.5472770706674,NaN
74424.52,74426.35,1.84,49.1874023053607,NaN
74447.9,74449.54,1.65,63.4462325194326,NaN
74450.18,74451.18,1.01,50.7750708086408,NaN
74473.99,74475.8,1.82,59.250879667641,NaN
74478.74,74480.6,1.87,62.4144407930232,NaN
74482.88,74484.76,1.89,71.9465132734876,NaN
74525.35,74526.82,1.48,69.1087894061796,NaN
74629.03,74630.88,1.86,60.3414537789418,NaN
74688.46,74689.98,1.53,53.7899209733886,NaN
74696.27,74698.08,1.82,60.8295988435362,NaN
74765.96,74767.05,1.1,67.1177270229949,NaN
74805,74806.81,1.82,55.8913451219207,NaN
74834.47,74836.35,1.89,58.9801051455737,NaN
74881.66,74883.49,1.84,73.6671689103704,NaN
74904.56,74906.28,1.73,61.9218575792585,NaN
74921.82,74923.63,1.82,50.1439868869175,NaN
74958.73,74959.96,1.24,58.8622770604963,NaN
75050.91,75051.77,0.87,14.5049332857989,NaN
75077.63,75079.16,1.54,68.2250431625503,NaN
75145.29,75147.16,1.88,59.9431701559027,NaN
75148.87,75149.59,0.73,17.2026749035286,NaN
75167.1,75168.87,1.78,58.3242642865903,NaN
75210.95,75212.26,1.32,65.9313949032948,NaN
75225.23,75226.88,1.66,61.7822458300145,NaN
75379.17,75380,0.84,37.7740136968271,NaN
75380.5,75381.25,0.76,28.4729475064546,NaN
75440.19,75442.05,1.87,59.7023588428638,NaN
75464.5,75466.28,1.79,58.5402010062318,NaN
75479.44,75480.72,1.29,54.8198655318683,NaN
75505.43,75507.26,1.84,70.4558444068902,NaN
75534.57,75536.41,1.85,65.2883102899721,NaN
75573.19,75573.78,0.6,17.6353514052675,NaN
75582.43,75583.06,0.64,28.8294765473266,NaN
75583.24,75584.52,1.29,67.6511239229678,NaN
75596.36,75598.17,1.82,53.9723764057079,NaN
75635.09,75636.95,1.87,70.9702581482123,NaN
75686.95,75688.69,1.75,50.4567526965821,NaN
75708.87,75710.76,1.9,67.3366645028132,NaN
75721.82,75723.66,1.85,51.6177489815912,NaN
75732.68,75734.5,1.83,52.5303927354147,NaN
75759.07,75760.92,1.86,58.0565017261403,NaN
75767.24,75769.04,1.81,54.9621744239091,NaN
75789.5,75791.35,1.86,59.0771274019941,NaN
75860.86,75861.73,0.88,23.4386414279716,NaN
75925.02,75926.85,1.84,55.7348297404949,NaN
75934.84,75936.42,1.59,74.9821001345897,NaN
75964.81,75966.64,1.84,57.9455517857244,NaN
75997.67,75999.5,1.84,71.4967839148135,NaN
76012.04,76013.83,1.8,61.9305015823911,NaN
76015.31,76016.87,1.57,59.7694647087859,NaN
76049,76050.8,1.81,54.1489184994082,NaN
76070.33,76072.16,1.84,52.7132472514572,NaN
76140.72,76142.54,1.83,58.6761305204989,NaN
76173,76174.54,1.55,69.7634751434476,NaN
76193.35,76195.15,1.81,54.7433170015597,NaN
76203.38,76205.25,1.88,52.6740223263333,NaN
76242.7,76243.76,1.07,58.9803903718235,NaN
76312.49,76314.29,1.81,61.3974563301535,NaN
76387.1,76388.62,1.53,56.2683529647672,NaN
76409.64,76411.45,1.82,57.2906350190508,NaN
76421.04,76422.82,1.79,54.6366870763703,NaN
76428.54,76430.36,1.83,51.017932696539,NaN
76443.49,76445.05,1.57,56.1050011052833,NaN
76473.68,76475.18,1.51,55.4282627845673,NaN
76489.54,76491.43,1.9,58.8072128811921,NaN
76499.72,76501.59,1.88,67.0177716566972,NaN
76522.88,76524.69,1.82,61.616615886605,NaN
76538.6,76539.84,1.25,68.0747781911967,NaN
76578.61,76580.26,1.66,59.7252078224601,NaN
76586.36,76588.2,1.85,64.3574305998591,NaN
76593.97,76595.08,1.12,52.6018152118256,NaN
76610.77,76612.01,1.25,58.3680278250334,NaN
76622.84,76624.67,1.84,61.6274298618309,NaN
76670.97,76672.82,1.86,51.8706461427323,NaN
76729.49,76731.38,1.9,60.345184650224,NaN
76763.84,76764.99,1.16,64.1825320904859,NaN
76813.51,76815.38,1.88,63.4313659561549,NaN
76845.54,76847.34,1.81,66.2435482695743,NaN
76908.59,76909.9,1.32,61.7098766416092,NaN
76914.62,76916.37,1.76,46.1696505432182,NaN
76938.78,76939.61,0.84,53.2806781534185,NaN
76941.28,76942.85,1.58,61.7957491551218,NaN
76958.97,76960.83,1.87,64.7354475212226,NaN
77050.63,77052.44,1.82,63.5907664913581,NaN
77069.11,77070.64,1.54,55.0627254588432,NaN
77101.91,77103.76,1.86,57.5248066548218,NaN
77136.02,77137.88,1.87,57.6749761976554,NaN
77148.39,77149.34,0.96,30.7095015086328,NaN
77179.15,77180.97,1.83,59.3556837449497,NaN
77212.19,77212.98,0.8,21.9372216299312,NaN
77224.7,77226.09,1.4,67.2085427804582,NaN
77255.39,77257.24,1.86,60.7852065297075,NaN
77257.67,77259.36,1.7,56.8321363196503,NaN
77261.26,77263.07,1.82,58.8717417792735,NaN
77309.93,77311.73,1.81,63.9610743915618,NaN
77315.47,77317.28,1.82,64.8762982109902,NaN
77335.25,77337.1,1.86,54.862034045683,NaN
77355.79,77357.67,1.89,67.6390378270394,NaN
77399,77400.55,1.56,62.6308359442177,NaN
77409.01,77410.88,1.88,55.3793940618199,NaN
77489.77,77491.12,1.36,50.963124733295,NaN
77527.81,77529.14,1.34,53.9344509049218,NaN
77551.58,77552.87,1.3,61.1209411177186,NaN
77633.53,77634.2,0.68,40.5126354431094,NaN
77678.53,77680.09,1.57,51.5993878195727,NaN
77706.87,77707.82,0.96,40.3671448721992,NaN
77707.89,77709.22,1.34,63.6353767071397,NaN
77772.98,77774.2,1.23,56.6771391295378,NaN
77816.18,77817.05,0.88,30.0280331641069,NaN
77829.02,77830.85,1.84,59.3903073574412,NaN
78075.47,78077.34,1.88,65.1685323549369,NaN
78106.59,78108.41,1.83,50.733358659702,NaN
78116.31,78117.14,0.84,22.7903594993066,NaN
78126.66,78127.18,0.53,42.1202838574212,NaN
78174.96,78176.81,1.86,61.677211971274,NaN
78283.45,78285.27,1.83,64.972018296355,NaN
78291.98,78293.86,1.89,58.5654507286004,NaN
78318.53,78319.18,0.66,29.5607719948393,NaN
78335.81,78337.32,1.52,58.3352648060592,NaN
78418.51,78419.95,1.45,53.8252852773328,NaN
78497.38,78499.2,1.83,63.3846189528586,NaN
78555.49,78557.29,1.81,61.8455390826602,NaN
78558.42,78559.42,1.01,40.2389355595274,NaN
78560.43,78561.65,1.23,42.5975360254233,NaN
78561.83,78562.45,0.63,17.9110678493368,NaN
78672.7,78674.29,1.6,58.1802882316283,NaN
78716.22,78718.01,1.8,51.9702274055424,NaN
78752.23,78754.1,1.88,61.3761826483894,NaN
78777.84,78779.68,1.85,60.1924929706976,NaN
78796.46,78798.32,1.87,61.5210045754781,NaN
78805.62,78806.12,0.51,17.4921870469406,NaN
78807,78807.64,0.65,19.0138109782197,NaN
78829.6,78830.51,0.92,21.2921821494478,NaN
78833.98,78835.84,1.87,63.7877794210905,NaN
78842.19,78844.08,1.9,60.1581056720433,NaN
78857.02,78858.68,1.67,64.6246305645302,NaN
78860.53,78862.1,1.58,66.5316397262168,NaN
78877.28,78879.16,1.89,53.8628644528157,NaN
78894.59,78896.3,1.72,64.1154021129156,NaN
78934.43,78936.28,1.86,59.7387631955685,NaN
79002.19,79004.04,1.86,56.0884105630001,NaN
79022.84,79024.69,1.86,56.2785720480079,NaN
79093.23,79095.02,1.8,57.7499405592642,NaN
79146.5,79148.33,1.84,54.4621495597235,NaN
79152.8,79154.59,1.8,68.0881194237434,NaN
79176.89,79178.79,1.91,56.9156453811566,NaN
79187.62,79189.45,1.84,63.8741805375133,NaN
79205.53,79207.35,1.83,56.2874041892068,NaN
79239.84,79240.48,0.65,14.4510567383986,NaN
79253.22,79255.06,1.85,60.6635488103878,NaN
79260.82,79261.57,0.76,18.689742940469,NaN
79262.01,79262.92,0.92,17.8996001150034,NaN
79270.73,79272.56,1.84,64.6207839237747,NaN
79274.19,79275.04,0.86,22.7163004998179,NaN
79275.74,79277.51,1.78,64.9099560284547,NaN
79294.11,79295.02,0.92,56.4514501908506,NaN
79375.72,79377.17,1.46,80.3503443493588,NaN
79401.19,79402.73,1.55,67.5348490654531,NaN
79568.33,79570.17,1.85,77.1829073499471,NaN
79571.21,79573.06,1.86,72.4803063471371,NaN
79576.21,79578.08,1.88,50.2139171144824,NaN
79608.97,79610.67,1.71,59.3967567933317,NaN
79651.43,79653.23,1.81,59.3391311458412,NaN
79724.07,79725.39,1.33,61.4040394518056,NaN
79734.55,79736.01,1.47,58.5773895365949,NaN
79845.24,79847.06,1.83,66.17616129886,NaN
79908.35,79910.11,1.77,62.7319604738986,NaN
79936.59,79938.39,1.81,59.0504306519758,NaN
79941.79,79943.62,1.84,58.4990482583296,NaN
79990.33,79992.2,1.88,61.2978906421869,NaN
80056.81,80058.63,1.83,57.6620975498872,NaN
80194.13,80195.67,1.55,65.9257370305761,NaN
80201.53,80203.27,1.75,46.0086628062627,NaN
80227.93,80229.64,1.72,58.9882384390474,NaN
80231.82,80233.67,1.86,58.007861068939,NaN
80401.73,80403.62,1.9,70.3151960900426,NaN
80487.82,80488.98,1.17,54.8451891221415,NaN
80503.43,80505.34,1.92,66.6157839971747,NaN
80534.75,80536.57,1.83,52.1403397372008,NaN
80609.47,80611.28,1.82,62.7236268719544,NaN
80626.57,80628.4,1.84,62.1197149697247,NaN
80659.16,80660.66,1.51,57.2154903342213,NaN
80661.29,80663.14,1.86,57.4271876042118,NaN
80686.3,80688.13,1.84,65.4318932205211,NaN
80712.71,80714.55,1.85,59.9909265930962,NaN
80725.28,80727.15,1.88,63.8580713214894,NaN
80772.8,80773.84,1.05,62.0775190385634,NaN
80792.31,80793.61,1.31,55.4603572493519,NaN
80798.93,80799.62,0.7,10.6979897220702,NaN
80870,80870.79,0.8,19.2060390454608,NaN
80919.1,80920.86,1.77,68.1755154026558,NaN
80944.97,80945.77,0.81,15.2219839265464,NaN
80946.22,80947.15,0.94,20.3616742216268,NaN
80947.66,80948.31,0.66,17.6181476815995,NaN
81006.96,81008.24,1.29,64.2857513250204,NaN
81010.54,81011.53,1,35.370677421303,NaN
81023.63,81025.44,1.82,57.0630716833684,NaN
81041.39,81043.2,1.82,55.1567367991113,NaN
81080.87,81082.22,1.36,66.5375286753337,NaN
81083.25,81085.09,1.85,65.1144376633871,NaN
81097.57,81099.38,1.82,54.8377489862583,NaN
81103.68,81105.55,1.88,63.375721374856,NaN
81106.69,81107.71,1.03,43.0027017084905,NaN
81108.11,81109.05,0.95,26.1555998371102,NaN
81203.43,81205.28,1.86,62.3439588357208,NaN
81208.59,81210.37,1.79,56.9945894038701,NaN
81220.2,81222,1.81,60.1434643908739,NaN
81224.92,81226.72,1.81,67.6100722639904,NaN
81283.52,81285.33,1.82,63.6686709660414,NaN
81295.58,81297.38,1.81,62.6086290323105,NaN
81334.73,81335.66,0.94,52.9861762765198,NaN
81385.51,81386.32,0.82,14.5271083021294,NaN
81390.46,81392.29,1.84,66.0703341004448,NaN
81446.47,81448.3,1.84,61.6348946531029,NaN
81459.79,81461.6,1.82,57.995278070253,NaN
81462.46,81464.29,1.84,49.9449944054174,NaN
81469.22,81471.04,1.83,63.9677783927516,NaN
81480.41,81482.26,1.86,67.4627614412942,NaN
81483.51,81485.35,1.85,67.0877203817193,NaN
81514.83,81516.65,1.83,54.9275194508823,NaN
81517.62,81519.45,1.84,55.5938300476813,NaN
81520.16,81521.95,1.8,59.4135651124383,NaN
81536.33,81538.12,1.8,57.8408232411976,NaN
81542.9,81544.75,1.86,65.8116886634646,NaN
81576.35,81578.17,1.83,65.7824346653034,NaN
81588.03,81589.83,1.81,61.6659969481697,NaN
